timestamp,Open,High,Low,Close,Volume
2026-02-02 18:45:00,104.09500122070312,104.45459747314452,104.04000091552734,104.44499969482422,6604
2026-02-02 18:50:00,104.44000244140624,106.08999633789062,104.37999725341795,105.8949966430664,169407
2026-02-02 18:55:00,105.9800033569336,106.58000183105467,105.30999755859376,105.3499984741211,274064
2026-02-02 19:00:00,105.30999755859376,105.75,105.0749969482422,105.5749969482422,65172
2026-02-02 19:05:00,105.56999969482422,105.75,105.4250030517578,105.58999633789062,45508
2026-02-02 19:10:00,105.51000213623048,105.87999725341795,105.51000213623048,105.625,86723
2026-02-02 19:15:00,105.625,105.69989776611328,105.3000030517578,105.55999755859376,45883
2026-02-02 19:20:00,105.55500030517578,105.86000061035156,105.30999755859376,105.62999725341795,51376
2026-02-02 19:25:00,105.63500213623048,105.93499755859376,105.58000183105467,105.87000274658205,20761
2026-02-02 19:30:00,105.79499816894533,105.83499908447266,105.48999786376952,105.56999969482422,23753
2026-02-02 19:35:00,105.54000091552734,105.54000091552734,105.2699966430664,105.2699966430664,31218
2026-02-02 19:40:00,105.29000091552734,105.81999969482422,105.29000091552734,105.77999877929688,29667
2026-02-02 19:45:00,105.76000213623048,105.76000213623048,105.33999633789062,105.3499984741211,26389
2026-02-02 19:50:00,105.33999633789062,105.36750030517578,104.66999816894533,104.66999816894533,48684
2026-02-02 19:55:00,104.73500061035156,105.4499969482422,103.95999908447266,104.3499984741211,66885
2026-02-02 20:00:00,104.4000015258789,104.63999938964844,103.77999877929688,104.12909698486328,79529
2026-02-02 20:05:00,104.0500030517578,104.33999633789062,103.97000122070312,104.29000091552734,30596
2026-02-02 20:10:00,104.30999755859376,104.30999755859376,103.91999816894533,104.25,45979
2026-02-02 20:15:00,104.33000183105467,104.33000183105467,104.0199966430664,104.16500091552734,47676
2026-02-02 20:20:00,104.12000274658205,104.51000213623048,104.12000274658205,104.41000366210938,38923
2026-02-02 20:25:00,104.43000030517578,104.4800033569336,104.16000366210938,104.3000030517578,34545
2026-02-02 20:30:00,104.3000030517578,104.4749984741211,104.20999908447266,104.47000122070312,32965
2026-02-02 20:35:00,104.44000244140624,104.54000091552734,104.3949966430664,104.44000244140624,43142
2026-02-02 20:40:00,104.45500183105467,104.5500030517578,104.36000061035156,104.48500061035156,50717
2026-02-02 20:45:00,104.48999786376952,104.54000091552734,104.31999969482422,104.37999725341795,59736
2026-02-02 20:50:00,104.4499969482422,104.66999816894533,104.36000061035156,104.37000274658205,103626
2026-02-02 20:55:00,104.38999938964844,104.7300033569336,104.38999938964844,104.69000244140624,327699
2026-02-03 14:30:00,105.44000244140624,106.22000122070312,104.61000061035156,105.87000274658205,29163
2026-02-03 14:35:00,105.7300033569336,107.23999786376952,105.5771026611328,107.1500015258789,13838
2026-02-03 14:40:00,107.2300033569336,108.1500015258789,107.0250015258789,107.66500091552734,25054
2026-02-03 14:45:00,107.29000091552734,108.11000061035156,106.86000061035156,107.8000030517578,37674
2026-02-03 14:50:00,107.91000366210938,108.02999877929688,105.46499633789062,105.58000183105467,34010
2026-02-03 14:55:00,105.45500183105467,106.05999755859376,103.88500213623048,104.40499877929688,58715
2026-02-03 15:00:00,103.91000366210938,105.04000091552734,103.904296875,104.83000183105467,24643
2026-02-03 15:05:00,104.8249969482422,104.95999908447266,103.72000122070312,103.87000274658205,29330
2026-02-03 15:10:00,103.9499969482422,103.95500183105467,102.93000030517578,103.5,47272
2026-02-03 15:15:00,103.45999908447266,108.1449966430664,103.45999908447266,107.12999725341795,125436
2026-02-03 15:20:00,107.48999786376952,108.3000030517578,107.31999969482422,107.73999786376952,63196
2026-02-03 15:25:00,107.73999786376952,108.93000030517578,107.58999633789062,108.43000030517578,65952
2026-02-03 15:30:00,108.58000183105467,109.91999816894533,108.53500366210938,109.23999786376952,93289
2026-02-03 15:35:00,109.07939910888672,109.43000030517578,108.12000274658205,108.12999725341795,47691
2026-02-03 15:40:00,108.12999725341795,108.47000122070312,107.95999908447266,108.0500030517578,30098
2026-02-03 15:45:00,108.0500030517578,108.80999755859376,107.87999725341795,108.6999969482422,26197
2026-02-03 15:50:00,108.81999969482422,109.13999938964844,108.62000274658205,109.05999755859376,47703
2026-02-03 15:55:00,109.06999969482422,109.33999633789062,108.5,108.52999877929688,26179
2026-02-03 16:00:00,108.4000015258789,108.50499725341795,107.6999969482422,107.6999969482422,19302
2026-02-03 16:05:00,107.66500091552734,108.31999969482422,107.63500213623048,108.31999969482422,16325
2026-02-03 16:10:00,108.1999969482422,108.4250030517578,108.02999877929688,108.08599853515624,21184
2026-02-03 16:15:00,107.93000030517578,108.03500366210938,107.5999984741211,107.5999984741211,10632
2026-02-03 16:20:00,107.62999725341795,107.62999725341795,107.02249908447266,107.13999938964844,11187
2026-02-03 16:25:00,107.13999938964844,107.54519653320312,107.0,107.06500244140624,27046
2026-02-03 16:30:00,107.16999816894533,107.4800033569336,107.13999938964844,107.16999816894533,10332
2026-02-03 16:35:00,107.3249969482422,107.34500122070312,106.81500244140624,107.22000122070312,16164
2026-02-03 16:40:00,107.33000183105467,107.70999908447266,107.23999786376952,107.5,11573
2026-02-03 16:45:00,107.52999877929688,107.88999938964844,107.52999877929688,107.77999877929688,13772
2026-02-03 16:50:00,107.77999877929688,107.8499984741211,107.56999969482422,107.81999969482422,8984
2026-02-03 16:55:00,107.8000030517578,108.06999969482422,107.8000030517578,108.0500030517578,11775
2026-02-03 17:00:00,107.96499633789062,108.08999633789062,107.91000366210938,108.08000183105467,10183
2026-02-03 17:05:00,108.16999816894533,108.18000030517578,107.98999786376952,108.08000183105467,14488
2026-02-03 17:10:00,108.12999725341795,108.20500183105467,107.2699966430664,107.62999725341795,44891
2026-02-03 17:15:00,107.51290130615234,107.66999816894533,107.20999908447266,107.55500030517578,10373
2026-02-03 17:20:00,107.5,107.75,107.43000030517578,107.75,13096
2026-02-03 17:25:00,107.7249984741211,107.87999725341795,107.33499908447266,107.33999633789062,27219
2026-02-03 17:30:00,107.26000213623048,107.72000122070312,107.05500030517578,107.62249755859376,21167
2026-02-03 17:35:00,107.65499877929688,108.04499816894533,107.52999877929688,107.91500091552734,26513
2026-02-03 17:40:00,107.9800033569336,108.20999908447266,107.52999877929688,107.69499969482422,30330
2026-02-03 17:45:00,107.52999877929688,107.7396011352539,107.12999725341795,107.1999969482422,12627
2026-02-03 17:50:00,107.27999877929688,107.33000183105467,106.86000061035156,106.94850158691406,28721
2026-02-03 17:55:00,106.9000015258789,107.12989807128906,106.75,106.88500213623048,29456
2026-02-03 18:00:00,106.77999877929688,106.77999877929688,106.01000213623048,106.25,23059
2026-02-03 18:05:00,106.34500122070312,107.01000213623048,106.1999969482422,106.69000244140624,34215
2026-02-03 18:10:00,106.84500122070312,106.91000366210938,106.13999938964844,106.30500030517578,15541
2026-02-03 18:15:00,106.3000030517578,106.41000366210938,105.5999984741211,106.00499725341795,37155
2026-02-03 18:20:00,106.0250015258789,106.13500213623048,105.9000015258789,105.94000244140624,10363
2026-02-03 18:25:00,105.9499969482422,105.9499969482422,104.69499969482422,104.69499969482422,59269
2026-02-03 18:30:00,104.6999969482422,105.18000030517578,104.6999969482422,104.93000030517578,53505
2026-02-03 18:35:00,105.01000213623048,105.1500015258789,104.79000091552734,105.1500015258789,20626
2026-02-03 18:40:00,105.20999908447266,105.20999908447266,105.08000183105467,105.13999938964844,10885
2026-02-03 18:45:00,105.15499877929688,105.15499877929688,105.02999877929688,105.09500122070312,7622
2026-02-03 18:50:00,105.09500122070312,105.09500122070312,104.61000061035156,104.69000244140624,19474
2026-02-03 18:55:00,104.69499969482422,104.79000091552734,104.30999755859376,104.31999969482422,19631
2026-02-03 19:00:00,104.13999938964844,104.69000244140624,104.0,104.23249816894533,34515
2026-02-03 19:05:00,104.16179656982422,104.45999908447266,104.16179656982422,104.27749633789062,22272
2026-02-03 19:10:00,104.2699966430664,104.28720092773438,104.01000213623048,104.21499633789062,26347
2026-02-03 19:15:00,104.22000122070312,104.82749938964844,104.22000122070312,104.76000213623048,21889
2026-02-03 19:20:00,104.81999969482422,105.11000061035156,104.81999969482422,105.06999969482422,12595
2026-02-03 19:25:00,105.0425033569336,105.18000030517578,104.68000030517578,104.79000091552734,20720
2026-02-03 19:30:00,104.77999877929688,105.0199966430664,104.26000213623048,104.72250366210938,37933
2026-02-03 19:35:00,104.7300033569336,105.05999755859376,104.7300033569336,104.92250061035156,16641
2026-02-03 19:40:00,104.9250030517578,105.23500061035156,104.87999725341795,104.87999725341795,18499
2026-02-03 19:45:00,104.87999725341795,105.08999633789062,104.76000213623048,104.8499984741211,24138
2026-02-03 19:50:00,104.83000183105467,105.04000091552734,104.56999969482422,104.83999633789062,30856
2026-02-03 19:55:00,104.91000366210938,105.20249938964844,104.77999877929688,105.0500030517578,16750
2026-02-03 20:00:00,104.91999816894533,104.9800033569336,104.4800033569336,104.4800033569336,28261
2026-02-03 20:05:00,104.41000366210938,104.41000366210938,103.88999938964844,104.1999969482422,27680
2026-02-03 20:10:00,104.36000061035156,104.37999725341795,104.1999969482422,104.30500030517578,19586
2026-02-03 20:15:00,104.36000061035156,104.48999786376952,104.25,104.45999908447266,22539
2026-02-03 20:20:00,104.44000244140624,104.46499633789062,104.13999938964844,104.1999969482422,24830
2026-02-03 20:25:00,104.19129943847656,104.22509765625,103.97000122070312,104.00499725341795,25705
2026-02-03 20:30:00,104.03500366210938,104.23999786376952,103.98999786376952,104.18000030517578,32590
2026-02-03 20:35:00,104.1500015258789,104.16999816894533,103.86000061035156,103.86000061035156,22521
2026-02-03 20:40:00,103.86000061035156,104.18000030517578,103.83000183105467,104.12999725341795,50104
2026-02-03 20:45:00,104.18000030517578,104.22000122070312,103.91999816894533,104.01000213623048,47870
2026-02-03 20:50:00,104.0199966430664,104.51499938964844,104.0199966430664,104.2699966430664,81544
2026-02-03 20:55:00,104.2699966430664,104.66000366210938,104.2699966430664,104.4000015258789,268509
2026-02-04 14:30:00,103.80999755859376,103.88999938964844,101.73999786376952,102.0,88072
2026-02-04 14:35:00,101.96499633789062,102.80750274658205,101.30999755859376,102.3550033569336,77436
2026-02-04 14:40:00,102.3550033569336,102.58000183105467,101.38999938964844,101.7699966430664,23523
2026-02-04 14:45:00,101.48999786376952,101.56500244140624,99.26000213623048,99.76000213623048,117337
2026-02-04 14:50:00,99.9478988647461,100.61000061035156,99.40370178222656,100.58999633789062,75122
2026-02-04 14:55:00,100.77040100097656,100.77040100097656,98.0,98.4000015258789,76012
2026-02-04 15:00:00,98.44499969482422,99.12000274658205,97.86000061035156,98.59500122070312,94976
2026-02-04 15:05:00,98.5999984741211,98.72000122070312,97.3000030517578,97.69020080566406,119250
2026-02-04 15:10:00,97.58000183105467,97.62999725341795,96.54000091552734,97.62999725341795,172185
2026-02-04 15:15:00,97.52999877929688,98.0,96.0009994506836,96.62999725341795,234039
2026-02-04 15:20:00,96.625,97.23999786376952,96.19000244140624,96.33000183105467,71121
2026-02-04 15:25:00,96.3000030517578,96.58999633789062,95.33999633789062,96.0,167090
2026-02-04 15:30:00,96.0,96.16000366210938,94.6999969482422,95.36000061035156,203625
2026-02-04 15:35:00,95.4000015258789,95.41000366210938,93.66000366210938,94.83000183105467,236368
2026-02-04 15:40:00,94.9000015258789,95.5500030517578,94.08999633789062,94.5,172496
2026-02-04 15:45:00,94.5,94.51499938964844,93.66000366210938,93.95999908447266,148654
2026-02-04 15:50:00,94.04540252685548,94.55999755859376,93.20999908447266,93.6750030517578,200068
2026-02-04 15:55:00,93.72000122070312,94.0749969482422,93.06500244140624,93.33499908447266,120890
2026-02-04 16:00:00,93.33499908447266,93.43000030517578,92.0,92.0500030517578,129731
2026-02-04 16:05:00,92.0500030517578,92.4800033569336,91.0199966430664,91.26000213623048,212668
2026-02-04 16:10:00,91.1999969482422,92.55999755859376,90.54000091552734,92.52999877929688,142529
2026-02-04 16:15:00,92.5999984741211,94.22930145263672,92.48500061035156,92.61000061035156,194809
2026-02-04 16:20:00,92.55999755859376,93.1999969482422,92.01000213623048,93.00499725341795,88891
2026-02-04 16:25:00,93.02999877929688,94.66000366210938,92.9000015258789,94.4749984741211,121977
2026-02-04 16:30:00,94.4749984741211,95.12999725341795,93.8000030517578,93.80999755859376,89142
2026-02-04 16:35:00,93.8949966430664,94.1500015258789,92.5999984741211,92.91000366210938,85214
2026-02-04 16:40:00,92.91000366210938,93.2699966430664,92.29010009765624,92.31999969482422,27862
2026-02-04 16:45:00,92.4175033569336,92.4175033569336,90.80999755859376,91.04499816894533,92437
2026-02-04 16:50:00,91.0199966430664,91.37000274658205,90.62999725341795,90.79499816894533,114911
2026-02-04 16:55:00,90.91999816894533,92.3000030517578,90.91000366210938,91.9800033569336,71787
2026-02-04 17:00:00,91.98500061035156,92.19000244140624,90.40499877929688,90.40499877929688,51834
2026-02-04 17:05:00,90.625,91.3291015625,90.41000366210938,90.96499633789062,120408
2026-02-04 17:10:00,90.96499633789062,90.97000122070312,90.0199966430664,90.87999725341795,91855
2026-02-04 17:15:00,90.8949966430664,90.9499969482422,89.79000091552734,89.79000091552734,53115
2026-02-04 17:20:00,89.88999938964844,90.13999938964844,89.43000030517578,89.57499694824219,71571
2026-02-04 17:25:00,89.58000183105469,89.79000091552734,89.0199966430664,89.37000274658203,61556
2026-02-04 17:30:00,89.25,89.45999908447266,88.76000213623047,88.77999877929688,65505
2026-02-04 17:35:00,88.69999694824219,88.69999694824219,87.61499786376953,87.66000366210938,65724
2026-02-04 17:40:00,87.66500091552734,87.7499008178711,87.11000061035156,87.46499633789062,107897
2026-02-04 17:45:00,87.38999938964844,88.1677017211914,87.33000183105469,87.63500213623047,237271
2026-02-04 17:50:00,87.63500213623047,88.38999938964844,87.25,88.22000122070312,110892
2026-02-04 17:55:00,88.23999786376953,88.80000305175781,88.16000366210938,88.69499969482422,83936
2026-02-04 18:00:00,88.69999694824219,89.04000091552734,88.4000015258789,88.83999633789062,96670
2026-02-04 18:05:00,88.69999694824219,89.94999694824219,88.375,88.6050033569336,62789
2026-02-04 18:10:00,88.6050033569336,88.72000122070312,88.02999877929688,88.20500183105469,53241
2026-02-04 18:15:00,88.20500183105469,88.81099700927734,87.94499969482422,88.09500122070312,65905
2026-02-04 18:20:00,88.16000366210938,88.54000091552734,87.87010192871094,88.3499984741211,36731
2026-02-04 18:25:00,88.5,89.16999816894531,88.3499984741211,89.08499908447266,87723
2026-02-04 18:30:00,89.13999938964844,89.25,88.37999725341797,88.41999816894531,77395
2026-02-04 18:35:00,88.5999984741211,88.80999755859375,88.38500213623047,88.7300033569336,43036
2026-02-04 18:40:00,88.73999786376953,89.19000244140625,88.58999633789062,88.96499633789062,35389
2026-02-04 18:45:00,88.96499633789062,89.1500015258789,88.51000213623047,88.55000305175781,36447
2026-02-04 18:50:00,88.5,88.66999816894531,87.99009704589844,88.58999633789062,43613
2026-02-04 18:55:00,88.66000366210938,89.0999984741211,88.04010009765625,88.79499816894531,70170
2026-02-04 19:00:00,88.62999725341797,89.41000366210938,88.41999816894531,89.01000213623047,42868
2026-02-04 19:05:00,88.91999816894531,89.33999633789062,88.58999633789062,88.91999816894531,52309
2026-02-04 19:10:00,89.12999725341797,89.7699966430664,89.01000213623047,89.06999969482422,57444
2026-02-04 19:15:00,89.0863037109375,89.33000183105469,88.86000061035156,89.16999816894531,29973
2026-02-04 19:20:00,89.16999816894531,89.56999969482422,89.08509826660156,89.54000091552734,52640
2026-02-04 19:25:00,89.55999755859375,89.91000366210938,89.27999877929688,89.9000015258789,70198
2026-02-04 19:30:00,89.91000366210938,90.4749984741211,89.63999938964844,89.7699966430664,120041
2026-02-04 19:35:00,90.08499908447266,90.22000122070312,89.66000366210938,89.88999938964844,49503
2026-02-04 19:40:00,89.8949966430664,90.1999969482422,89.48999786376953,89.53500366210938,71382
2026-02-04 19:45:00,89.38999938964844,90.8499984741211,89.31500244140625,90.65499877929688,105537
2026-02-04 19:50:00,90.70999908447266,91.9800033569336,90.22000122070312,91.88249969482422,136331
2026-02-04 19:55:00,91.98999786376952,93.0999984741211,91.77010345458984,93.0999984741211,160515
2026-02-04 20:00:00,93.0749969482422,93.6999969482422,92.54000091552734,92.875,146989
2026-02-04 20:05:00,93.0,93.0,92.26000213623048,92.45999908447266,58186
2026-02-04 20:10:00,92.36499786376952,92.43000030517578,91.64350128173828,91.94000244140624,170138
2026-02-04 20:15:00,91.94000244140624,92.37000274658205,91.66000366210938,92.08000183105467,72076
2026-02-04 20:20:00,92.02999877929688,92.29000091552734,91.68000030517578,91.75,57031
2026-02-04 20:25:00,91.76000213623048,93.0500030517578,91.66000366210938,92.76000213623048,133733
2026-02-04 20:30:00,92.79499816894533,92.83000183105467,91.8550033569336,92.2300033569336,135627
2026-02-04 20:35:00,92.1999969482422,92.51000213623048,91.6999969482422,92.37999725341795,104675
2026-02-04 20:40:00,92.37999725341795,92.6999969482422,92.16010284423828,92.5,119759
2026-02-04 20:45:00,92.51000213623048,93.06999969482422,92.37999725341795,92.4000015258789,201616
2026-02-04 20:50:00,92.5,93.06999969482422,92.37999725341795,92.79000091552734,276570
2026-02-04 20:55:00,92.78500366210938,92.79000091552734,90.4800033569336,90.79000091552734,764919
2026-02-05 14:30:00,88.01000213623047,88.61000061035156,86.01000213623047,86.16999816894531,217225
2026-02-05 14:35:00,86.22000122070312,86.87999725341797,85.45999908447266,85.45999908447266,119537
2026-02-05 14:40:00,85.61499786376953,89.0199966430664,85.48999786376953,88.77999877929688,113629
2026-02-05 14:45:00,88.58999633789062,88.69999694824219,87.73999786376953,88.4000015258789,94103
2026-02-05 14:50:00,88.30000305175781,89.0,88.16999816894531,88.61000061035156,55378
2026-02-05 14:55:00,88.69999694824219,88.69999694824219,87.5999984741211,87.77999877929688,40514
2026-02-05 15:00:00,87.7249984741211,87.90499877929688,87.18000030517578,87.5999984741211,93650
2026-02-05 15:05:00,87.5999984741211,88.0,87.1449966430664,87.88999938964844,85242
2026-02-05 15:10:00,87.91500091552734,88.00499725341797,86.2500991821289,86.2500991821289,74521
2026-02-05 15:15:00,86.375,87.13980102539062,86.20500183105469,86.5199966430664,76913
2026-02-05 15:20:00,86.5999984741211,86.66999816894531,85.94999694824219,86.33999633789062,48485
2026-02-05 15:25:00,86.44000244140625,86.625,85.79000091552734,86.19499969482422,63181
2026-02-05 15:30:00,86.19499969482422,86.51000213623047,85.9800033569336,86.02999877929688,53473
2026-02-05 15:35:00,86.11499786376953,86.95999908447266,85.76000213623047,86.95999908447266,31858
2026-02-05 15:40:00,86.63999938964844,86.97000122070312,86.01000213623047,86.83999633789062,91502
2026-02-05 15:45:00,86.83999633789062,86.91000366210938,86.37999725341797,86.38999938964844,77139
2026-02-05 15:50:00,86.3499984741211,86.66999816894531,86.06999969482422,86.2300033569336,29328
2026-02-05 15:55:00,86.12999725341797,86.16999816894531,85.83999633789062,86.16000366210938,22304
2026-02-05 16:00:00,86.16000366210938,86.33000183105469,85.69999694824219,85.69999694824219,39442
2026-02-05 16:05:00,85.70999908447266,85.70999908447266,84.72010040283203,84.83999633789062,122280
2026-02-05 16:10:00,84.87000274658203,85.18000030517578,84.66999816894531,84.69000244140625,47229
2026-02-05 16:15:00,84.71499633789062,85.70999908447266,84.71499633789062,85.63500213623047,51778
2026-02-05 16:20:00,85.58000183105469,86.4800033569336,85.58000183105469,86.16000366210938,57132
2026-02-05 16:25:00,86.16999816894531,86.45999908447266,86.08999633789062,86.36000061035156,39030
2026-02-05 16:30:00,86.36000061035156,88.0199966430664,86.2699966430664,87.78500366210938,172399
2026-02-05 16:35:00,87.69000244140625,87.69999694824219,87.37999725341797,87.55999755859375,29576
2026-02-05 16:40:00,87.50499725341797,87.93000030517578,87.11000061035156,87.11000061035156,45197
2026-02-05 16:45:00,87.25499725341797,87.3499984741211,86.94499969482422,87.23999786376953,31268
2026-02-05 16:50:00,87.19999694824219,87.73999786376953,87.19999694824219,87.68000030517578,33333
2026-02-05 16:55:00,87.70500183105469,87.87999725341797,87.58499908447266,87.77999877929688,21483
2026-02-05 17:00:00,87.69499969482422,87.86000061035156,87.44000244140625,87.54000091552734,21976
2026-02-05 17:05:00,87.5250015258789,87.69999694824219,87.4800033569336,87.52999877929688,11188
2026-02-05 17:10:00,87.625,87.625,87.19000244140625,87.5374984741211,26717
2026-02-05 17:15:00,87.44000244140625,87.55999755859375,87.26000213623047,87.26000213623047,9214
2026-02-05 17:20:00,87.16999816894531,87.54000091552734,87.0199966430664,87.54000091552734,14777
2026-02-05 17:25:00,87.62999725341797,88.44000244140625,87.62999725341797,88.0199966430664,92978
2026-02-05 17:30:00,88.02249908447266,88.13999938964844,87.44499969482422,87.62000274658203,38637
2026-02-05 17:35:00,87.62000274658203,88.25,87.54499816894531,88.23999786376953,25984
2026-02-05 17:40:00,88.11000061035156,88.55000305175781,88.11000061035156,88.49500274658203,70918
2026-02-05 17:45:00,88.45500183105469,88.69499969482422,88.27999877929688,88.5,68707
2026-02-05 17:50:00,88.48999786376953,88.72000122070312,87.77999877929688,87.95999908447266,126738
2026-02-05 17:55:00,87.94999694824219,88.38999938964844,87.83999633789062,88.2249984741211,59472
2026-02-05 18:00:00,88.20999908447266,88.76000213623047,88.16000366210938,88.4800033569336,31959
2026-02-05 18:05:00,88.43000030517578,88.63999938964844,88.38999938964844,88.62999725341797,18088
2026-02-05 18:10:00,88.66999816894531,89.01000213623047,88.56500244140625,88.80000305175781,42946
2026-02-05 18:15:00,88.83000183105469,88.83000183105469,88.45999908447266,88.5999984741211,17993
2026-02-05 18:20:00,88.58000183105469,88.68000030517578,88.41999816894531,88.63999938964844,39577
2026-02-05 18:25:00,88.58999633789062,88.91000366210938,88.43499755859375,88.68000030517578,57400
2026-02-05 18:30:00,88.68000030517578,88.7699966430664,88.16999816894531,88.30999755859375,39341
2026-02-05 18:35:00,88.27310180664062,88.29440307617188,87.91000366210938,88.00900268554688,16419
2026-02-05 18:40:00,87.91000366210938,88.48999786376953,87.86499786376953,88.4000015258789,44558
2026-02-05 18:45:00,88.45500183105469,88.56999969482422,88.24500274658203,88.36000061035156,28515
2026-02-05 18:50:00,88.29000091552734,88.4000015258789,88.16000366210938,88.27999877929688,19766
2026-02-05 18:55:00,88.2249984741211,88.4000015258789,87.97000122070312,88.02999877929688,35776
2026-02-05 19:00:00,88.0250015258789,88.68000030517578,88.0,88.58499908447266,38018
2026-02-05 19:05:00,88.5199966430664,89.0199966430664,88.5199966430664,88.94999694824219,38041
2026-02-05 19:10:00,88.95500183105469,89.04000091552734,88.88999938964844,88.91000366210938,66988
2026-02-05 19:15:00,88.91000366210938,89.05000305175781,88.50499725341797,88.5250015258789,37747
2026-02-05 19:20:00,88.5250015258789,88.5250015258789,88.05000305175781,88.29000091552734,36131
2026-02-05 19:25:00,88.28500366210938,88.28500366210938,87.68499755859375,87.80999755859375,22870
2026-02-05 19:30:00,87.80999755859375,88.2699966430664,87.80999755859375,88.2699966430664,54042
2026-02-05 19:35:00,88.28500366210938,88.72000122070312,88.26499938964844,88.5199966430664,19756
2026-02-05 19:40:00,88.51000213623047,88.69000244140625,88.51000213623047,88.66999816894531,14922
2026-02-05 19:45:00,88.58999633789062,88.62999725341797,88.13999938964844,88.26000213623047,30965
2026-02-05 19:50:00,88.19000244140625,88.55000305175781,88.08999633789062,88.52999877929688,40055
2026-02-05 19:55:00,88.54000091552734,88.68000030517578,88.45999908447266,88.5999984741211,25478
2026-02-05 20:00:00,88.66000366210938,88.66000366210938,88.29000091552734,88.40499877929688,61670
2026-02-05 20:05:00,88.3499984741211,88.70500183105469,88.3499984741211,88.70500183105469,40914
2026-02-05 20:10:00,88.69999694824219,89.0,88.41999816894531,88.5,76003
2026-02-05 20:15:00,88.3499984741211,88.41000366210938,88.05000305175781,88.0999984741211,25459
2026-02-05 20:20:00,88.08999633789062,88.58000183105469,88.08999633789062,88.26000213623047,50489
2026-02-05 20:25:00,88.26000213623047,88.55000305175781,87.91999816894531,87.93000030517578,61661
2026-02-05 20:30:00,87.93000030517578,88.12000274658203,87.61499786376953,87.73999786376953,51176
2026-02-05 20:35:00,87.80999755859375,88.16999816894531,87.66999816894531,88.11000061035156,63208
2026-02-05 20:40:00,88.06999969482422,88.0999984741211,87.6500015258789,87.80500030517578,97881
2026-02-05 20:45:00,87.80999755859375,88.30000305175781,87.66500091552734,88.29000091552734,129194
2026-02-05 20:50:00,88.33000183105469,88.5999984741211,88.21499633789062,88.31500244140625,188932
2026-02-05 20:55:00,88.30999755859375,88.87999725341797,88.25499725341797,88.38999938964844,448086
2026-02-06 14:30:00,89.30999755859375,90.9364013671875,88.606201171875,90.56999969482422,83217
2026-02-06 14:35:00,90.9000015258789,90.9000015258789,89.13999938964844,90.3949966430664,42868
2026-02-06 14:40:00,90.06999969482422,91.2300033569336,90.0,90.62999725341795,59656
2026-02-06 14:45:00,90.62999725341795,90.62999725341795,89.48999786376953,89.48999786376953,55755
2026-02-06 14:50:00,89.48999786376953,90.0,88.41000366210938,89.19999694824219,98287
2026-02-06 14:55:00,88.93000030517578,88.93000030517578,88.31999969482422,88.6500015258789,29960
2026-02-06 15:00:00,88.6500015258789,89.33999633789062,88.07499694824219,88.62750244140625,68158
2026-02-06 15:05:00,88.61499786376953,89.23999786376953,88.26000213623047,89.01000213623047,47911
2026-02-06 15:10:00,89.19999694824219,89.66999816894531,88.69999694824219,89.27249908447266,31194
2026-02-06 15:15:00,89.36000061035156,89.37999725341797,88.7300033569336,89.375,20262
2026-02-06 15:20:00,89.41999816894531,89.70999908447266,89.12999725341797,89.15499877929688,27942
2026-02-06 15:25:00,89.23999786376953,89.58000183105469,88.8406982421875,89.05000305175781,13365
2026-02-06 15:40:00,89.30000305175781,89.48999786376953,89.08000183105469,89.28500366210938,84037
2026-02-06 15:45:00,89.28500366210938,89.41000366210938,89.05999755859375,89.13500213623047,28322
2026-02-06 15:50:00,89.12999725341797,89.12999725341797,88.68000030517578,88.69000244140625,7682
2026-02-06 15:55:00,89.27999877929688,89.5,89.27999877929688,89.4000015258789,56272
2026-02-06 16:00:00,89.4800033569336,89.52999877929688,89.4800033569336,89.52999877929688,25789
2026-02-06 16:05:00,89.52999877929688,89.94999694824219,89.45500183105469,89.56999969482422,41260
2026-02-06 16:10:00,89.56999969482422,89.76850128173828,89.47000122070312,89.52999877929688,20713
2026-02-06 16:15:00,89.62999725341797,89.62999725341797,89.43000030517578,89.47000122070312,18537
2026-02-06 16:20:00,89.46499633789062,89.81999969482422,89.46499633789062,89.63500213623047,15813
2026-02-06 16:25:00,89.63500213623047,89.93000030517578,89.45249938964844,89.86000061035156,29500
2026-02-06 16:30:00,89.83999633789062,89.86000061035156,89.43000030517578,89.62249755859375,22710
2026-02-06 16:35:00,89.65499877929688,89.7750015258789,89.65499877929688,89.7750015258789,9738
2026-02-06 16:40:00,89.68000030517578,90.04000091552734,89.62870025634766,89.65499877929688,26484
2026-02-06 16:45:00,89.65499877929688,89.68000030517578,89.43000030517578,89.5250015258789,25759
2026-02-06 16:50:00,89.55999755859375,89.75,89.44999694824219,89.63500213623047,42153
2026-02-06 16:55:00,89.55000305175781,89.88999938964844,89.37000274658203,89.88999938964844,51306
2026-02-06 17:00:00,89.87000274658203,90.91999816894533,89.87000274658203,90.83999633789062,40484
2026-02-06 17:05:00,90.83000183105467,91.0500030517578,90.65499877929688,90.94000244140624,37647
2026-02-06 17:10:00,90.9499969482422,91.33999633789062,90.43000030517578,90.61000061035156,50184
2026-02-06 17:15:00,90.48500061035156,90.6449966430664,90.19000244140624,90.61000061035156,23186
2026-02-06 17:20:00,90.53500366210938,90.84500122070312,90.43000030517578,90.75,48955
2026-02-06 17:25:00,90.6999969482422,90.93499755859376,90.63770294189452,90.93499755859376,18549
2026-02-06 17:30:00,90.93499755859376,92.04000091552734,90.87999725341795,91.50499725341795,163405
2026-02-06 17:35:00,91.48999786376952,91.73999786376952,91.4499969482422,91.50499725341795,70413
2026-02-06 17:40:00,91.50499725341795,91.9000015258789,91.4800033569336,91.4800033569336,45706
2026-02-06 17:45:00,91.62000274658205,92.13999938964844,91.51000213623048,91.98999786376952,72381
2026-02-06 17:50:00,92.0374984741211,92.24430084228516,91.9000015258789,91.96499633789062,35937
2026-02-06 17:55:00,92.04000091552734,92.16000366210938,92.04000091552734,92.1500015258789,17974
2026-02-06 18:00:00,91.8249969482422,92.40499877929688,91.5500030517578,92.31500244140624,140270
2026-02-06 18:05:00,92.30999755859376,92.43000030517578,91.8949966430664,91.9124984741211,28326
2026-02-06 18:10:00,91.97000122070312,91.98500061035156,91.625,91.6999969482422,21322
2026-02-06 18:15:00,91.66999816894533,91.8499984741211,91.41999816894533,91.4749984741211,16242
2026-02-06 18:20:00,91.51000213623048,91.9000015258789,91.43499755859376,91.8550033569336,54370
2026-02-06 18:25:00,91.91000366210938,92.21499633789062,91.91000366210938,92.1500015258789,14594
2026-02-06 18:30:00,92.23999786376952,92.4499969482422,92.0999984741211,92.2699966430664,37023
2026-02-06 18:35:00,92.2300033569336,92.91999816894533,92.2300033569336,92.63999938964844,23578
2026-02-06 18:40:00,92.5999984741211,92.83000183105467,92.58000183105467,92.81999969482422,28658
2026-02-06 18:45:00,92.82050323486328,92.9000015258789,92.5500030517578,92.69000244140624,26837
2026-02-06 18:50:00,92.7300033569336,92.75,92.54000091552734,92.6449966430664,14602
2026-02-06 18:55:00,92.6500015258789,92.79499816894533,92.5500030517578,92.79499816894533,17541
2026-02-06 19:00:00,92.70999908447266,92.83000183105467,92.33999633789062,92.45999908447266,14352
2026-02-06 19:05:00,92.4499969482422,92.56999969482422,92.27999877929688,92.37999725341795,16491
2026-02-06 19:10:00,92.36000061035156,92.41999816894533,92.26000213623048,92.30999755859376,10787
2026-02-06 19:15:00,92.3000030517578,92.4000015258789,92.26000213623048,92.4000015258789,11829
2026-02-06 19:20:00,92.43000030517578,92.45999908447266,92.22000122070312,92.26010131835938,12143
2026-02-06 19:25:00,92.36000061035156,92.36000061035156,92.22000122070312,92.2699966430664,11058
2026-02-06 19:30:00,92.33999633789062,92.58000183105467,92.2300033569336,92.5500030517578,13934
2026-02-06 19:35:00,92.5,92.58999633789062,92.48999786376952,92.51000213623048,16033
2026-02-06 19:40:00,92.48999786376952,92.6050033569336,92.47000122070312,92.6050033569336,23289
2026-02-06 19:45:00,92.55500030517578,92.69000244140624,92.11499786376952,92.11499786376952,32229
2026-02-06 19:50:00,92.19000244140624,92.19000244140624,91.81999969482422,91.9499969482422,12333
2026-02-06 19:55:00,91.94499969482422,91.9499969482422,91.54000091552734,91.54499816894533,20372
2026-02-06 20:00:00,91.45999908447266,91.7699966430664,91.4499969482422,91.63500213623048,29265
2026-02-06 20:05:00,91.66999816894533,91.7699966430664,91.66999816894533,91.6999969482422,10922
2026-02-06 20:10:00,91.69000244140624,91.76000213623048,91.1999969482422,91.38999938964844,41206
2026-02-06 20:15:00,91.29000091552734,91.47000122070312,91.23999786376952,91.41000366210938,27618
2026-02-06 20:20:00,91.43000030517578,91.7699966430664,91.31500244140624,91.38999938964844,30974
2026-02-06 20:25:00,91.4499969482422,91.51000213623048,91.26000213623048,91.36000061035156,26833
2026-02-06 20:30:00,91.29000091552734,91.4499969482422,91.19000244140624,91.30999755859376,26319
2026-02-06 20:35:00,91.34500122070312,91.6698989868164,91.34500122070312,91.4499969482422,23669
2026-02-06 20:40:00,91.5073013305664,91.66999816894533,91.45500183105467,91.59500122070312,39466
2026-02-06 20:45:00,91.63999938964844,91.9800033569336,91.63999938964844,91.83999633789062,64707
2026-02-06 20:50:00,91.9000015258789,92.22000122070312,91.6999969482422,92.1500015258789,148371
2026-02-06 20:55:00,92.18499755859376,92.69000244140624,91.9499969482422,92.6449966430664,331446
2026-02-09 14:30:00,89.99500274658203,92.0,89.99500274658203,91.5,54028
2026-02-09 14:35:00,91.5,92.47000122070312,91.0500030517578,91.98500061035156,38053
2026-02-09 14:40:00,91.98500061035156,92.56999969482422,91.87000274658205,92.22000122070312,31030
2026-02-09 14:45:00,92.22000122070312,92.22000122070312,91.01000213623048,91.75,56885
2026-02-09 14:50:00,91.87999725341795,91.87999725341795,90.62000274658205,91.01000213623048,53367
2026-02-09 14:55:00,91.41000366210938,91.58999633789062,91.1500015258789,91.41000366210938,17659
2026-02-09 15:00:00,91.41000366210938,91.52999877929688,90.68000030517578,91.22000122070312,30956
2026-02-09 15:05:00,91.4000015258789,91.70500183105467,91.23999786376952,91.43000030517578,24376
2026-02-09 15:10:00,91.63999938964844,91.9499969482422,91.44000244140624,91.81999969482422,18477
2026-02-09 15:15:00,91.90499877929688,92.44989776611328,91.80500030517578,92.29000091552734,35821
2026-02-09 15:20:00,92.1999969482422,92.8550033569336,92.1999969482422,92.4499969482422,75080
2026-02-09 15:25:00,92.38999938964844,92.58999633789062,92.27999877929688,92.48999786376952,20636
2026-02-09 15:30:00,92.5,93.33999633789062,92.48999786376952,93.33999633789062,92801
2026-02-09 15:35:00,93.33999633789062,93.41999816894533,92.88500213623048,93.27999877929688,48431
2026-02-09 15:40:00,93.24500274658205,93.71499633789062,93.24500274658205,93.4800033569336,30212
2026-02-09 15:45:00,93.62000274658205,93.62000274658205,93.25,93.45999908447266,36127
2026-02-09 15:50:00,93.46499633789062,93.54000091552734,93.25,93.3949966430664,21585
2026-02-09 15:55:00,93.4000015258789,93.9800033569336,93.3949966430664,93.86000061035156,64386
2026-02-09 16:00:00,93.86000061035156,94.22000122070312,93.73500061035156,94.22000122070312,82663
2026-02-09 16:05:00,94.2750015258789,94.38999938964844,94.08000183105467,94.08000183105467,25584
2026-02-09 16:10:00,94.1750030517578,94.44000244140624,94.13999938964844,94.2750015258789,43663
2026-02-09 16:15:00,94.2750015258789,94.3000030517578,93.4800033569336,93.70500183105467,44384
2026-02-09 16:20:00,93.80999755859376,93.9499969482422,93.63999938964844,93.9499969482422,28876
2026-02-09 16:25:00,93.83999633789062,94.08999633789062,93.76000213623048,93.78250122070312,60523
2026-02-09 16:30:00,93.83999633789062,94.08999633789062,93.83499908447266,94.01499938964844,39628
2026-02-09 16:35:00,94.01499938964844,94.20999908447266,93.93000030517578,94.05500030517578,23874
2026-02-09 16:40:00,94.0500030517578,94.3249969482422,94.0500030517578,94.2300033569336,45755
2026-02-09 16:45:00,94.31999969482422,94.4000015258789,94.23999786376952,94.31500244140624,34149
2026-02-09 16:50:00,94.31999969482422,94.4000015258789,94.25,94.2699966430664,24024
2026-02-09 16:55:00,94.2699966430664,94.4000015258789,94.13999938964844,94.19499969482422,27186
2026-02-09 17:00:00,94.1999969482422,94.23999786376952,93.625,93.73999786376952,68467
2026-02-09 17:05:00,93.71499633789062,94.06999969482422,93.62999725341795,94.06999969482422,24054
2026-02-09 17:10:00,94.0,94.36000061035156,93.91999816894533,94.30999755859376,27913
2026-02-09 17:15:00,94.30999755859376,94.30999755859376,93.87000274658205,93.9250030517578,33131
2026-02-09 17:20:00,93.84049987792967,93.91999816894533,93.37999725341795,93.4000015258789,30596
2026-02-09 17:25:00,93.43000030517578,93.58660125732422,93.37999725341795,93.4250030517578,25581
2026-02-09 17:30:00,93.38999938964844,93.5500030517578,93.33999633789062,93.48500061035156,16544
2026-02-09 17:35:00,93.48500061035156,93.71630096435548,93.4499969482422,93.55500030517578,21604
2026-02-09 17:40:00,93.5,93.72000122070312,93.5,93.72000122070312,14826
2026-02-09 17:45:00,93.69000244140624,93.91000366210938,93.61000061035156,93.75,15099
2026-02-09 17:50:00,93.87999725341795,93.93000030517578,93.70999908447266,93.7300033569336,22923
2026-02-09 17:55:00,93.7300033569336,94.05999755859376,93.68000030517578,93.98999786376952,85636
2026-02-09 18:00:00,93.98999786376952,94.1500015258789,93.83999633789062,93.98999786376952,16536
2026-02-09 18:05:00,94.05999755859376,94.20999908447266,93.9800033569336,94.20999908447266,24407
2026-02-09 18:10:00,94.1500015258789,94.36000061035156,94.1500015258789,94.31999969482422,11961
2026-02-09 18:15:00,94.31999969482422,94.41000366210938,94.25,94.33000183105467,20215
2026-02-09 18:20:00,94.41000366210938,94.41999816894533,93.83000183105467,94.02999877929688,43170
2026-02-09 18:25:00,93.95999908447266,94.12000274658205,93.51000213623048,93.63999938964844,20028
2026-02-09 18:30:00,93.52999877929688,93.72000122070312,93.38999938964844,93.44000244140624,34966
2026-02-09 18:35:00,93.4499969482422,93.55999755859376,93.33999633789062,93.49500274658205,10206
2026-02-09 18:40:00,93.54000091552734,93.62000274658205,93.44000244140624,93.61000061035156,13573
2026-02-09 18:45:00,93.52999877929688,93.7300033569336,93.1999969482422,93.1999969482422,28553
2026-02-09 18:50:00,93.1999969482422,93.44000244140624,93.11000061035156,93.37999725341795,21425
2026-02-09 18:55:00,93.37999725341795,93.61000061035156,93.33000183105467,93.58000183105467,15170
2026-02-09 19:00:00,93.5019989013672,93.61000061035156,93.37999725341795,93.5,16367
2026-02-09 19:05:00,93.58000183105467,93.58000183105467,93.08999633789062,93.41999816894533,27264
2026-02-09 19:10:00,93.4250030517578,93.62999725341795,93.30999755859376,93.56999969482422,25179
2026-02-09 19:15:00,93.62999725341795,93.79000091552734,93.58999633789062,93.61000061035156,46761
2026-02-09 19:20:00,93.61000061035156,93.80500030517578,93.5999984741211,93.7300033569336,16733
2026-02-09 19:25:00,93.70500183105467,93.79000091552734,93.6500015258789,93.73999786376952,12497
2026-02-09 19:30:00,93.73999786376952,93.83499908447266,93.62000274658205,93.6449966430664,23711
2026-02-09 19:35:00,93.6449966430664,93.68000030517578,93.5500030517578,93.6500015258789,16389
2026-02-09 19:40:00,93.70999908447266,93.77999877929688,93.62000274658205,93.6999969482422,19570
2026-02-09 19:45:00,93.68499755859376,93.77999877929688,93.6500015258789,93.73500061035156,15865
2026-02-09 19:50:00,93.77999877929688,93.80989837646484,93.68000030517578,93.72000122070312,30875
2026-02-09 19:55:00,93.72000122070312,93.79000091552734,93.56999969482422,93.58000183105467,24639
2026-02-09 20:00:00,93.52999877929688,93.54000091552734,93.29000091552734,93.29000091552734,37584
2026-02-09 20:05:00,93.31999969482422,93.50499725341795,93.2699966430664,93.40499877929688,45544
2026-02-09 20:10:00,93.40499877929688,93.54000091552734,93.33000183105467,93.3949966430664,28164
2026-02-09 20:15:00,93.3949966430664,93.44000244140624,93.20999908447266,93.27999877929688,20317
2026-02-09 20:20:00,93.24960327148438,93.4800033569336,93.19000244140624,93.36499786376952,29208
2026-02-09 20:25:00,93.36499786376952,93.41999816894533,93.01000213623048,93.3249969482422,23633
2026-02-09 20:30:00,93.3249969482422,93.5199966430664,93.26000213623048,93.30999755859376,31920
2026-02-09 20:35:00,93.26000213623048,93.33000183105467,93.01000213623048,93.06500244140624,171099
2026-02-09 20:40:00,93.12000274658205,93.12999725341795,92.87000274658205,93.0199966430664,76195
2026-02-09 20:45:00,93.0250015258789,93.27999877929688,93.0199966430664,93.23999786376952,75610
2026-02-09 20:50:00,93.20999908447266,93.33999633789062,92.66000366210938,92.66000366210938,86312
2026-02-09 20:55:00,92.72000122070312,93.00499725341795,92.54000091552734,92.73999786376952,258507
2026-02-10 14:30:00,92.5500030517578,92.625,91.52999877929688,91.84970092773438,43338
2026-02-10 14:35:00,91.91999816894533,92.0199966430664,91.04000091552734,91.5,16416
2026-02-10 14:40:00,91.93000030517578,91.9800033569336,91.3000030517578,91.72000122070312,34652
2026-02-10 14:45:00,91.61000061035156,91.8000030517578,91.1501007080078,91.62999725341795,15074
2026-02-10 14:50:00,91.66500091552734,91.69000244140624,90.79000091552734,91.18499755859376,39358
2026-02-10 14:55:00,91.08999633789062,92.4000015258789,91.03500366210938,92.13500213623048,27005
2026-02-10 15:00:00,92.13500213623048,92.6500015258789,92.12000274658205,92.1999969482422,33141
2026-02-10 15:05:00,92.18000030517578,92.51000213623048,92.08999633789062,92.33000183105467,20974
2026-02-10 15:10:00,92.20999908447266,92.48999786376952,92.1999969482422,92.4800033569336,37219
2026-02-10 15:15:00,92.41000366210938,92.48999786376952,91.76010131835938,92.12000274658205,41122
2026-02-10 15:20:00,92.12999725341795,92.30999755859376,91.9499969482422,92.00499725341795,43869
2026-02-10 15:25:00,92.0999984741211,92.12000274658205,91.66500091552734,91.9800033569336,39026
2026-02-10 15:30:00,91.98999786376952,92.30999755859376,91.9800033569336,92.22000122070312,23882
2026-02-10 15:35:00,92.20999908447266,92.33999633789062,91.79000091552734,92.0199966430664,22960
2026-02-10 15:40:00,92.02999877929688,92.30999755859376,91.8499984741211,91.99500274658205,13156
2026-02-10 15:45:00,91.9000015258789,91.9000015258789,91.48999786376952,91.49500274658205,13478
2026-02-10 15:50:00,91.4800033569336,91.5500030517578,91.18000030517578,91.23500061035156,35477
2026-02-10 15:55:00,91.2300033569336,91.61000061035156,90.86000061035156,91.5999984741211,23297
2026-02-10 16:00:00,91.62999725341795,91.73999786376952,91.22000122070312,91.33999633789062,17871
2026-02-10 16:05:00,91.33499908447266,91.38520050048828,91.16000366210938,91.3000030517578,9936
2026-02-10 16:10:00,91.3000030517578,91.68000030517578,91.3000030517578,91.60800170898438,8340
2026-02-10 16:15:00,91.38999938964844,91.49490356445312,91.3000030517578,91.49490356445312,6550
2026-02-10 16:20:00,91.47250366210938,91.56909942626952,91.36000061035156,91.36000061035156,11780
2026-02-10 16:25:00,91.41999816894533,91.55999755859376,91.20999908447266,91.23999786376952,12388
2026-02-10 16:30:00,91.1500015258789,91.2699966430664,91.0,91.16000366210938,18838
2026-02-10 16:35:00,91.2238998413086,91.2300033569336,90.98999786376952,91.05999755859376,19440
2026-02-10 16:40:00,91.0500030517578,91.25,91.0500030517578,91.16000366210938,15219
2026-02-10 16:45:00,91.1750030517578,91.8949966430664,91.1449966430664,91.1449966430664,21729
2026-02-10 16:50:00,91.21499633789062,91.63999938964844,91.21499633789062,91.61000061035156,7698
2026-02-10 16:55:00,91.55999755859376,91.7699966430664,91.5500030517578,91.6999969482422,11390
2026-02-10 17:00:00,91.76000213623048,91.7699966430664,91.41000366210938,91.43000030517578,7288
2026-02-10 17:05:00,91.45999908447266,91.63500213623048,91.45999908447266,91.63500213623048,4855
2026-02-10 17:10:00,91.70999908447266,91.83999633789062,91.6999969482422,91.76000213623048,6397
2026-02-10 17:15:00,91.83999633789062,91.83999633789062,91.58000183105467,91.65499877929688,13943
2026-02-10 17:20:00,91.66500091552734,91.74500274658205,91.44000244140624,91.58999633789062,22778
2026-02-10 17:25:00,91.61000061035156,91.68000030517578,91.61000061035156,91.66999816894533,7011
2026-02-10 17:30:00,91.58999633789062,91.68990325927734,91.48999786376952,91.48999786376952,3409
2026-02-10 17:35:00,91.54309844970705,91.76000213623048,91.54309844970705,91.68000030517578,6707
2026-02-10 17:40:00,91.63999938964844,91.76000213623048,91.62999725341795,91.7300033569336,5045
2026-02-10 17:45:00,91.7699966430664,91.80999755859376,91.69000244140624,91.69000244140624,5393
2026-02-10 17:50:00,91.62999725341795,91.65499877929688,91.48999786376952,91.48999786376952,8472
2026-02-10 17:55:00,91.4499969482422,91.5,91.37000274658205,91.4499969482422,7383
2026-02-10 18:00:00,91.4000015258789,91.4000015258789,91.25,91.25,4064
2026-02-10 18:05:00,91.25,91.33000183105467,91.19000244140624,91.19000244140624,12863
2026-02-10 18:10:00,91.19000244140624,91.33000183105467,90.87000274658205,91.15499877929688,63204
2026-02-10 18:15:00,91.12000274658205,91.19249725341795,90.86499786376952,90.95999908447266,17726
2026-02-10 18:20:00,90.93000030517578,90.9800033569336,90.83000183105467,90.91000366210938,5135
2026-02-10 18:25:00,90.83000183105467,90.9000015258789,90.66000366210938,90.68000030517578,9845
2026-02-10 18:30:00,90.66999816894533,90.83999633789062,90.375,90.6500015258789,18315
2026-02-10 18:35:00,90.5500030517578,90.8000030517578,90.5,90.54499816894533,19643
2026-02-10 18:40:00,90.4499969482422,90.50499725341795,90.3499984741211,90.3499984741211,6231
2026-02-10 18:45:00,90.3499984741211,90.3499984741211,90.11000061035156,90.11000061035156,12885
2026-02-10 18:50:00,90.12999725341795,90.33000183105467,89.9800033569336,90.16000366210938,50408
2026-02-10 18:55:00,90.26000213623048,90.5,90.26000213623048,90.4800033569336,7826
2026-02-10 19:00:00,90.58000183105467,90.76000213623048,90.41999816894533,90.41999816894533,20658
2026-02-10 19:05:00,90.49500274658205,90.51000213623048,90.26000213623048,90.26000213623048,5546
2026-02-10 19:10:00,90.26000213623048,90.52999877929688,90.26000213623048,90.52999877929688,6469
2026-02-10 19:15:00,90.4800033569336,90.48500061035156,90.41999816894533,90.4499969482422,4631
2026-02-10 19:20:00,90.48989868164062,90.56999969482422,90.43000030517578,90.45999908447266,11732
2026-02-10 19:25:00,90.45999908447266,90.58000183105467,90.4000015258789,90.4000015258789,9836
2026-02-10 19:30:00,90.44499969482422,90.6500015258789,90.44000244140624,90.44000244140624,20639
2026-02-10 19:35:00,90.51000213623048,90.52999877929688,90.38999938964844,90.41999816894533,8436
2026-02-10 19:40:00,90.4000015258789,90.4000015258789,90.23040008544922,90.23040008544922,7639
2026-02-10 19:45:00,90.1999969482422,90.31999969482422,90.13999938964844,90.2699966430664,12839
2026-02-10 19:50:00,90.27999877929688,90.27999877929688,90.12999725341795,90.16000366210938,6819
2026-02-10 19:55:00,90.16000366210938,90.25,90.0999984741211,90.13999938964844,12188
2026-02-10 20:00:00,90.1449966430664,90.2300033569336,90.08999633789062,90.0999984741211,9753
2026-02-10 20:05:00,90.08499908447266,90.20999908447266,90.05999755859375,90.1500015258789,17942
2026-02-10 20:10:00,90.12000274658205,90.1999969482422,90.08999633789062,90.12000274658205,7966
2026-02-10 20:15:00,90.19000244140624,90.19000244140624,90.06999969482422,90.16000366210938,12209
2026-02-10 20:20:00,90.12000274658205,90.36000061035156,90.06999969482422,90.2699966430664,28538
2026-02-10 20:25:00,90.1999969482422,90.23999786376952,89.95999908447266,89.95999908447266,19652
2026-02-10 20:30:00,89.9800033569336,90.49500274658205,89.9800033569336,90.09500122070312,56019
2026-02-10 20:35:00,90.09500122070312,90.18000030517578,89.94999694824219,90.11000061035156,65298
2026-02-10 20:40:00,90.08999633789062,90.3000030517578,90.08999633789062,90.19000244140624,41940
2026-02-10 20:45:00,90.20999908447266,90.5500030517578,90.18000030517578,90.54000091552734,54146
2026-02-10 20:50:00,90.5,90.87000274658205,90.37999725341795,90.73999786376952,94773
2026-02-10 20:55:00,90.6999969482422,90.75,89.94000244140625,89.95999908447266,236927
2026-02-11 14:30:00,90.69000244140624,91.1332015991211,88.5,89.90350341796875,75503
2026-02-11 14:35:00,89.37999725341797,89.4175033569336,88.66999816894531,89.05000305175781,16257
2026-02-11 14:40:00,89.02999877929688,89.6050033569336,88.58000183105469,88.70999908447266,52232
2026-02-11 14:45:00,88.80000305175781,88.83000183105469,88.38999938964844,88.41000366210938,31511
2026-02-11 14:50:00,88.41500091552734,88.86000061035156,88.2020034790039,88.4000015258789,42000
2026-02-11 14:55:00,88.63999938964844,89.12999725341797,88.4000015258789,89.0,18746
2026-02-11 15:00:00,88.87000274658203,88.95999908447266,88.55000305175781,88.83000183105469,11811
2026-02-11 15:05:00,88.83000183105469,89.0199966430664,88.16000366210938,88.63999938964844,67481
2026-02-11 15:10:00,88.63999938964844,88.63999938964844,88.0,88.41000366210938,9984
2026-02-11 15:15:00,88.76000213623047,88.76000213623047,87.4000015258789,87.4000015258789,36357
2026-02-11 15:20:00,87.56999969482422,87.5999984741211,86.66000366210938,86.91999816894531,44367
2026-02-11 15:25:00,86.91999816894531,87.80999755859375,86.66000366210938,87.7300033569336,24638
2026-02-11 15:30:00,87.3499984741211,87.69499969482422,87.25,87.69000244140625,8974
2026-02-11 15:35:00,87.69499969482422,88.06999969482422,87.51000213623047,88.06999969482422,16186
2026-02-11 15:40:00,88.04000091552734,88.41999816894531,88.0199966430664,88.36000061035156,12059
2026-02-11 15:45:00,88.16999816894531,88.17500305175781,87.66999816894531,87.83000183105469,7132
2026-02-11 15:50:00,87.86000061035156,88.22000122070312,87.70999908447266,88.06500244140625,13666
2026-02-11 15:55:00,88.06500244140625,88.29000091552734,87.91999816894531,88.12999725341797,32805
2026-02-11 16:00:00,88.12999725341797,88.33499908447266,88.08499908447266,88.19999694824219,35107
2026-02-11 16:05:00,88.19999694824219,88.23999786376953,87.9800033569336,88.08999633789062,34647
2026-02-11 16:10:00,88.0199966430664,88.26000213623047,88.0199966430664,88.05999755859375,32608
2026-02-11 16:15:00,88.05999755859375,88.19999694824219,87.9800033569336,88.05999755859375,41203
2026-02-11 16:20:00,88.12000274658203,88.41000366210938,87.98999786376953,88.36000061035156,90101
2026-02-11 16:25:00,88.12999725341797,88.43000030517578,87.84500122070312,88.0199966430664,113939
2026-02-11 16:30:00,87.87999725341797,88.05000305175781,87.75,87.93000030517578,77472
2026-02-11 16:35:00,87.86000061035156,88.1500015258789,87.78500366210938,88.11499786376953,73153
2026-02-11 16:40:00,88.12000274658203,88.26499938964844,87.57499694824219,87.58999633789062,58623
2026-02-11 16:45:00,87.58000183105469,87.9000015258789,87.48999786376953,87.6500015258789,25233
2026-02-11 16:50:00,87.55999755859375,87.72000122070312,87.13999938964844,87.41999816894531,37243
2026-02-11 16:55:00,87.43000030517578,87.83999633789062,87.31999969482422,87.66000366210938,63845
2026-02-11 17:00:00,87.55999755859375,87.55999755859375,86.66999816894531,86.66999816894531,30285
2026-02-11 17:05:00,86.68000030517578,87.70999908447266,86.68000030517578,87.6500015258789,61870
2026-02-11 17:10:00,87.7699966430664,87.7699966430664,87.43000030517578,87.43000030517578,14831
2026-02-11 17:15:00,87.55500030517578,87.8949966430664,87.43000030517578,87.55000305175781,14428
2026-02-11 17:20:00,87.69999694824219,88.04000091552734,87.56999969482422,87.95999908447266,28789
2026-02-11 17:25:00,88.04000091552734,88.33000183105469,87.94000244140625,88.11000061035156,71330
2026-02-11 17:30:00,88.21499633789062,88.22000122070312,87.80000305175781,87.99749755859375,28469
2026-02-11 17:35:00,87.87000274658203,88.12999725341797,87.83999633789062,87.94499969482422,8980
2026-02-11 17:40:00,87.87999725341797,88.13999938964844,87.8499984741211,88.05249786376953,15401
2026-02-11 17:45:00,87.98999786376953,88.12000274658203,87.88500213623047,88.0199966430664,7326
2026-02-11 17:50:00,88.0,88.27999877929688,87.98999786376953,88.0,18302
2026-02-11 17:55:00,88.0,88.0,87.7300033569336,87.91000366210938,39452
2026-02-11 18:00:00,87.80999755859375,87.97000122070312,87.66999816894531,87.97000122070312,11828
2026-02-11 18:05:00,87.93499755859375,88.1500015258789,87.93000030517578,88.06510162353516,77226
2026-02-11 18:10:00,88.06500244140625,88.06500244140625,87.62000274658203,87.63999938964844,25481
2026-02-11 18:15:00,87.69999694824219,87.94000244140625,87.66000366210938,87.77999877929688,14329
2026-02-11 18:20:00,87.79499816894531,88.16999816894531,87.79499816894531,87.91500091552734,77705
2026-02-11 18:25:00,87.8499984741211,88.5,87.8499984741211,87.9800033569336,59493
2026-02-11 18:30:00,88.05999755859375,88.12999725341797,87.87999725341797,88.0250015258789,0
2026-02-11 18:35:00,88.16000366210938,88.33999633789062,88.02999877929688,88.30500030517578,61699
2026-02-11 18:40:00,88.27999877929688,88.30999755859375,88.11000061035156,88.1500015258789,19002
2026-02-11 18:45:00,88.12000274658203,88.36000061035156,88.12000274658203,88.30500030517578,20392
2026-02-11 18:50:00,88.3499984741211,88.3499984741211,88.05000305175781,88.2699966430664,19168
2026-02-11 18:55:00,88.31999969482422,88.5,88.2301025390625,88.38999938964844,70310
2026-02-11 19:00:00,88.5,88.51000213623047,88.30999755859375,88.33000183105469,34820
2026-02-11 19:05:00,88.2300033569336,88.45999908447266,88.19000244140625,88.33999633789062,23088
2026-02-11 19:10:00,88.42120361328125,89.01000213623047,88.37000274658203,89.01000213623047,16561
2026-02-11 19:15:00,89.0199966430664,89.16999816894531,88.92500305175781,88.94000244140625,25987
2026-02-11 19:20:00,89.0,89.11000061035156,88.91000366210938,89.0999984741211,14685
2026-02-11 19:25:00,89.08000183105469,89.12999725341797,88.83000183105469,88.91999816894531,11165
2026-02-11 19:30:00,88.91999816894531,89.0199966430664,88.61000061035156,88.61000061035156,10689
2026-02-11 19:35:00,88.62000274658203,88.81999969482422,88.58999633789062,88.7300033569336,14043
2026-02-11 19:40:00,88.70500183105469,88.80999755859375,88.63999938964844,88.78500366210938,7839
2026-02-11 19:45:00,88.81999969482422,88.81999969482422,88.43000030517578,88.54000091552734,22036
2026-02-11 19:50:00,88.56999969482422,88.72000122070312,88.4800033569336,88.69349670410156,15116
2026-02-11 19:55:00,88.58999633789062,88.70999908447266,88.4800033569336,88.53500366210938,16543
2026-02-11 20:00:00,88.54000091552734,88.70500183105469,88.4800033569336,88.5,27076
2026-02-11 20:05:00,88.55999755859375,88.56999969482422,88.40499877929688,88.44999694824219,20226
2026-02-11 20:10:00,88.44000244140625,88.61000061035156,88.44000244140625,88.55000305175781,13055
2026-02-11 20:15:00,88.48999786376953,88.58999633789062,88.4000015258789,88.58999633789062,20731
2026-02-11 20:20:00,88.56999969482422,88.58000183105469,88.45999908447266,88.47000122070312,14356
2026-02-11 20:25:00,88.41999816894531,88.4800033569336,88.0999984741211,88.0999984741211,66718
2026-02-11 20:30:00,88.09500122070312,88.20999908447266,87.97000122070312,88.08999633789062,18197
2026-02-11 20:35:00,88.09500122070312,88.3499984741211,87.98999786376953,88.3499984741211,18871
2026-02-11 20:40:00,88.29499816894531,88.47000122070312,88.0999984741211,88.47000122070312,40787
2026-02-11 20:45:00,88.31999969482422,88.54000091552734,88.31999969482422,88.45999908447266,45449
2026-02-11 20:50:00,88.48999786376953,88.52999877929688,87.93000030517578,88.30500030517578,103208
2026-02-11 20:55:00,88.36000061035156,88.52999877929688,87.94999694824219,88.04000091552734,279036
2026-02-12 14:30:00,88.97000122070312,89.44999694824219,88.11000061035156,89.20999908447266,53168
2026-02-12 14:35:00,89.38999938964844,89.66500091552734,88.44999694824219,88.4749984741211,28854
2026-02-12 14:40:00,88.4749984741211,89.0199966430664,87.79000091552734,87.91999816894531,36960
2026-02-12 14:45:00,87.91500091552734,87.91500091552734,86.66000366210938,87.12999725341797,8954
2026-02-12 14:50:00,87.08999633789062,87.125,86.0374984741211,87.12000274658203,32745
2026-02-12 14:55:00,87.125,87.125,86.58000183105469,86.73999786376953,51164
2026-02-12 15:00:00,86.80999755859375,87.3499984741211,86.80999755859375,87.16500091552734,42467
2026-02-12 15:05:00,87.0,87.16999816894531,86.55999755859375,86.61499786376953,44276
2026-02-12 15:10:00,86.70999908447266,87.23999786376953,86.48999786376953,87.19999694824219,26646
2026-02-12 15:15:00,87.20500183105469,87.38182067871094,86.69219970703125,86.76000213623047,18324
2026-02-12 15:20:00,86.75,86.87000274658203,86.22000122070312,86.31500244140625,46619
2026-02-12 15:25:00,86.2300033569336,86.76000213623047,86.21009826660156,86.76000213623047,20743
2026-02-12 15:30:00,86.61000061035156,86.86000061035156,86.27999877929688,86.36499786376953,17172
2026-02-12 15:35:00,86.31843566894531,86.33999633789062,85.81999969482422,85.93499755859375,58201
2026-02-12 15:40:00,85.83000183105469,86.08999633789062,85.45999908447266,85.5199966430664,77224
2026-02-12 15:45:00,85.45999908447266,85.69000244140625,85.2301025390625,85.2301025390625,42626
2026-02-12 15:50:00,85.40499877929688,85.45999908447266,85.08999633789062,85.0999984741211,26354
2026-02-12 15:55:00,85.08999633789062,85.2300033569336,84.68000030517578,84.7750015258789,55795
2026-02-12 16:00:00,84.75,84.99500274658203,84.0,84.0,73043
2026-02-12 16:05:00,84.0199966430664,84.11499786376953,83.44999694824219,83.7300033569336,67469
2026-02-12 16:10:00,83.7300033569336,83.75,83.0,83.05999755859375,62973
2026-02-12 16:15:00,83.08999633789062,83.1500015258789,82.80000305175781,82.88500213623047,86740
2026-02-12 16:20:00,82.88500213623047,83.05999755859375,82.19999694824219,82.32499694824219,116516
2026-02-12 16:25:00,82.38999938964844,82.45999908447266,81.62000274658203,81.66999816894531,126340
2026-02-12 16:30:00,81.6500015258789,82.01000213623047,81.5999984741211,81.7300033569336,100422
2026-02-12 16:35:00,81.7300033569336,82.25,81.7249984741211,81.83999633789062,125701
2026-02-12 16:40:00,81.92500305175781,82.12999725341797,81.73999786376953,81.73999786376953,59864
2026-02-12 16:45:00,81.81500244140625,81.91999816894531,81.2699966430664,81.39330291748047,46499
2026-02-12 16:50:00,81.36499786376953,81.44999694824219,81.05999755859375,81.08999633789062,45588
2026-02-12 16:55:00,81.16000366210938,81.22000122070312,80.91000366210938,80.98999786376953,20751
2026-02-12 17:00:00,80.91000366210938,81.0,80.16999816894531,80.26000213623047,100685
2026-02-12 17:05:00,80.37000274658203,80.62999725341797,79.95999908447266,80.43499755859375,104495
2026-02-12 17:10:00,80.44000244140625,80.4800033569336,80.16000366210938,80.19000244140625,51571
2026-02-12 17:15:00,80.24500274658203,80.41000366210938,80.05999755859375,80.30500030517578,63576
2026-02-12 17:20:00,80.30500030517578,80.69999694824219,80.20500183105469,80.53500366210938,99890
2026-02-12 17:25:00,80.52999877929688,80.87000274658203,80.08000183105469,80.27999877929688,190759
2026-02-12 17:30:00,80.33159637451172,80.66500091552734,80.05999755859375,80.4749984741211,132060
2026-02-12 17:35:00,80.49500274658203,80.87000274658203,80.30000305175781,80.30000305175781,88562
2026-02-12 17:40:00,80.32499694824219,80.63999938964844,80.32499694824219,80.50499725341797,48184
2026-02-12 17:45:00,80.5,80.58989715576172,80.12000274658203,80.19999694824219,60872
2026-02-12 17:50:00,80.12999725341797,80.36000061035156,80.12000274658203,80.16000366210938,30831
2026-02-12 17:55:00,80.12999725341797,80.18000030517578,79.87999725341797,79.94000244140625,45711
2026-02-12 18:00:00,79.91000366210938,80.27999877929688,79.68000030517578,80.13999938964844,55723
2026-02-12 18:05:00,80.13999938964844,80.66999816894531,80.12999725341797,80.47000122070312,48111
2026-02-12 18:10:00,80.46499633789062,80.83360290527344,80.45999908447266,80.71499633789062,29009
2026-02-12 18:15:00,80.71499633789062,81.30000305175781,80.71499633789062,81.26000213623047,30624
2026-02-12 18:20:00,81.20500183105469,81.5199966430664,80.83000183105469,81.33000183105469,73375
2026-02-12 18:25:00,81.30000305175781,81.36000061035156,80.57499694824219,80.94000244140625,389783
2026-02-12 18:30:00,80.94999694824219,81.65499877929688,80.86000061035156,81.63500213623047,115614
2026-02-12 18:35:00,81.72989654541016,82.19000244140625,81.5999984741211,82.11000061035156,330123
2026-02-12 18:40:00,82.11000061035156,82.61000061035156,81.81999969482422,82.48999786376953,162456
2026-02-12 18:45:00,82.51000213623047,82.9000015258789,82.41999816894531,82.73999786376953,99720
2026-02-12 18:50:00,82.70999908447266,83.20999908447266,82.63999938964844,82.84500122070312,116834
2026-02-12 18:55:00,82.83999633789062,82.83999633789062,82.26499938964844,82.29000091552734,22388
2026-02-12 19:00:00,82.48999786376953,82.66999816894531,81.87999725341797,81.87999725341797,20519
2026-02-12 19:05:00,81.95999908447266,82.46499633789062,81.95999908447266,82.19999694824219,49467
2026-02-12 19:10:00,82.23999786376953,82.23999786376953,81.83000183105469,82.13999938964844,22665
2026-02-12 19:15:00,82.19000244140625,82.7300033569336,82.14749908447266,82.68000030517578,25112
2026-02-12 19:20:00,82.7300033569336,82.7699966430664,82.26000213623047,82.41500091552734,26392
2026-02-12 19:25:00,82.46499633789062,82.6050033569336,82.23999786376953,82.5199966430664,52142
2026-02-12 19:30:00,82.54000091552734,82.94000244140625,82.54000091552734,82.77999877929688,19750
2026-02-12 19:35:00,82.80500030517578,82.94000244140625,82.61499786376953,82.70500183105469,24576
2026-02-12 19:40:00,82.75,82.77999877929688,82.58000183105469,82.69999694824219,20492
2026-02-12 19:45:00,82.69999694824219,82.7699966430664,82.66500091552734,82.69000244140625,12059
2026-02-12 19:50:00,82.69000244140625,82.8499984741211,82.47000122070312,82.5999984741211,22674
2026-02-12 19:55:00,82.5999984741211,82.82499694824219,82.25,82.3499984741211,24630
2026-02-12 20:00:00,82.35769653320312,82.66999816894531,82.35769653320312,82.66500091552734,37022
2026-02-12 20:05:00,82.5999984741211,82.63999938964844,82.4000015258789,82.5,24520
2026-02-12 20:10:00,82.50499725341797,82.58999633789062,82.25,82.52999877929688,29985
2026-02-12 20:15:00,82.5,82.52999877929688,82.1449966430664,82.37999725341797,230709
2026-02-12 20:20:00,82.34500122070312,82.34500122070312,81.68000030517578,81.68000030517578,55491
2026-02-12 20:25:00,81.69000244140625,82.12000274658203,81.52999877929688,81.58999633789062,102046
2026-02-12 20:30:00,81.58999633789062,81.87999725341797,81.4000015258789,81.8550033569336,56738
2026-02-12 20:35:00,81.87999725341797,82.15499877929688,81.80999755859375,81.94000244140625,64810
2026-02-12 20:40:00,81.94000244140625,82.45999908447266,81.94000244140625,82.12999725341797,126165
2026-02-12 20:45:00,82.1500015258789,82.29000091552734,82.01000213623047,82.09500122070312,131906
2026-02-12 20:50:00,82.08999633789062,82.4800033569336,82.08999633789062,82.36499786376953,165668
2026-02-12 20:55:00,82.36499786376953,82.6500015258789,82.1500015258789,82.5999984741211,493800
2026-02-13 14:30:00,83.0,83.97000122070312,82.44999694824219,82.81999969482422,82530
2026-02-13 14:35:00,82.45999908447266,83.29000091552734,82.45999908447266,82.88700103759766,40663
2026-02-13 14:40:00,82.61000061035156,82.87999725341797,81.55999755859375,82.20999908447266,25539
2026-02-13 14:45:00,82.44000244140625,82.94000244140625,82.17500305175781,82.45999908447266,26496
2026-02-13 14:50:00,82.46499633789062,82.94000244140625,82.01000213623047,82.44999694824219,31143
2026-02-13 14:55:00,82.44999694824219,83.0,82.01000213623047,82.24500274658203,17525
2026-02-13 15:00:00,82.24500274658203,82.95999908447266,82.24500274658203,82.95999908447266,41953
2026-02-13 15:05:00,82.87000274658203,83.0,82.19999694824219,82.70500183105469,39051
2026-02-13 15:10:00,82.70500183105469,82.88999938964844,82.3949966430664,82.5,36435
2026-02-13 15:15:00,82.43000030517578,83.0,82.43000030517578,82.80999755859375,23470
2026-02-13 15:20:00,82.58000183105469,82.75,82.15499877929688,82.50499725341797,22488
2026-02-13 15:25:00,82.75,83.25,82.75,83.0999984741211,21627
2026-02-13 15:30:00,83.03500366210938,83.55999755859375,82.98999786376953,83.11000061035156,25671
2026-02-13 15:35:00,83.20999908447266,83.31999969482422,82.875,82.875,40685
2026-02-13 15:40:00,82.875,82.92500305175781,82.31999969482422,82.31999969482422,47588
2026-02-13 15:45:00,82.33000183105469,82.91999816894531,82.2300033569336,82.33000183105469,33026
2026-02-13 15:50:00,82.32499694824219,83.05000305175781,82.32499694824219,82.87999725341797,22373
2026-02-13 15:55:00,82.87999725341797,83.01000213623047,82.37999725341797,82.38999938964844,28758
2026-02-13 16:00:00,82.45999908447266,82.80999755859375,82.33000183105469,82.62999725341797,25352
2026-02-13 16:05:00,82.63500213623047,82.80999755859375,82.31999969482422,82.53500366210938,33424
2026-02-13 16:10:00,82.53500366210938,82.53500366210938,82.13249969482422,82.4000015258789,38563
2026-02-13 16:15:00,82.33499908447266,82.44999694824219,81.94000244140625,81.94000244140625,24233
2026-02-13 16:20:00,81.87999725341797,82.0199966430664,81.71499633789062,82.0,47148
2026-02-13 16:25:00,82.0,82.20999908447266,81.72000122070312,82.20999908447266,37365
2026-02-13 16:30:00,82.22000122070312,82.33000183105469,82.05999755859375,82.16999816894531,15504
2026-02-13 16:35:00,82.18499755859375,82.36000061035156,82.02999877929688,82.27999877929688,20677
2026-02-13 16:40:00,82.21499633789062,82.43000030517578,82.13999938964844,82.37999725341797,14528
2026-02-13 16:45:00,82.36000061035156,82.55000305175781,82.33000183105469,82.54000091552734,17529
2026-02-13 16:50:00,82.46499633789062,82.56999969482422,82.33999633789062,82.45989990234375,18781
2026-02-13 16:55:00,82.4800033569336,82.5199966430664,82.22000122070312,82.26000213623047,11200
2026-02-13 17:00:00,82.23999786376953,82.3550033569336,82.13999938964844,82.2750015258789,13851
2026-02-13 17:05:00,82.29000091552734,82.55999755859375,82.2300033569336,82.5250015258789,112875
2026-02-13 17:10:00,82.5250015258789,83.0199966430664,82.5250015258789,82.95999908447266,26438
2026-02-13 17:15:00,82.95999908447266,83.0,82.83499908447266,82.91500091552734,21783
2026-02-13 17:20:00,82.93250274658203,83.38999938964844,82.91999816894531,83.22149658203125,27423
2026-02-13 17:25:00,83.19000244140625,83.37999725341797,83.08999633789062,83.19000244140625,29522
2026-02-13 17:30:00,83.23249816894531,83.93000030517578,83.20999908447266,83.86499786376953,57543
2026-02-13 17:35:00,83.84500122070312,83.84500122070312,83.58999633789062,83.7300033569336,20492
2026-02-13 17:40:00,83.66500091552734,83.72000122070312,83.43000030517578,83.55999755859375,23911
2026-02-13 17:45:00,83.58999633789062,83.69000244140625,83.44999694824219,83.61000061035156,38703
2026-02-13 17:50:00,83.61000061035156,83.68000030517578,83.18000030517578,83.3499984741211,58872
2026-02-13 17:55:00,83.27999877929688,83.44000244140625,83.04000091552734,83.44000244140625,42940
2026-02-13 18:00:00,83.3949966430664,83.5999984741211,83.3949966430664,83.48799896240234,31785
2026-02-13 18:05:00,83.55999755859375,83.91999816894531,83.48999786376953,83.9000015258789,51374
2026-02-13 18:10:00,83.875,83.9800033569336,83.66999816894531,83.79499816894531,35263
2026-02-13 18:15:00,83.72000122070312,83.80000305175781,83.2300033569336,83.3324966430664,44206
2026-02-13 18:20:00,83.41999816894531,83.69999694824219,83.32499694824219,83.69000244140625,27927
2026-02-13 18:25:00,83.69000244140625,83.80999755859375,83.29000091552734,83.44000244140625,40838
2026-02-13 18:30:00,83.44000244140625,83.73999786376953,83.43499755859375,83.73999786376953,22850
2026-02-13 18:35:00,83.68000030517578,83.88999938964844,83.68000030517578,83.80000305175781,21254
2026-02-13 18:40:00,83.94000244140625,83.94000244140625,83.45999908447266,83.49500274658203,26393
2026-02-13 18:45:00,83.55000305175781,83.79000091552734,83.4800033569336,83.61000061035156,19604
2026-02-13 18:50:00,83.66000366210938,83.75,83.46009826660156,83.72000122070312,21583
2026-02-13 18:55:00,83.70999908447266,83.77999877929688,83.4800033569336,83.58000183105469,17894
2026-02-13 19:00:00,83.56500244140625,83.7300033569336,83.55000305175781,83.55000305175781,17345
2026-02-13 19:05:00,83.47000122070312,83.87999725341797,83.47000122070312,83.87999725341797,13651
2026-02-13 19:10:00,83.84500122070312,84.0,83.76000213623047,83.77999877929688,27545
2026-02-13 19:15:00,83.80999755859375,83.91500091552734,83.76000213623047,83.8499984741211,13276
2026-02-13 19:20:00,83.76000213623047,83.87999725341797,83.76000213623047,83.77999877929688,14240
2026-02-13 19:25:00,83.81999969482422,83.81999969482422,83.26000213623047,83.27999877929688,21660
2026-02-13 19:30:00,83.30000305175781,83.6500015258789,83.29000091552734,83.56749725341797,24005
2026-02-13 19:35:00,83.61000061035156,83.69000244140625,83.45500183105469,83.45500183105469,22325
2026-02-13 19:40:00,83.55999755859375,83.58000183105469,83.375,83.44999694824219,19764
2026-02-13 19:45:00,83.44999694824219,83.58999633789062,83.37999725341797,83.38749694824219,13019
2026-02-13 19:50:00,83.38999938964844,83.41999816894531,83.20999908447266,83.26000213623047,17944
2026-02-13 19:55:00,83.30999755859375,83.37999725341797,82.91999816894531,82.9749984741211,23868
2026-02-13 20:00:00,83.06999969482422,83.37000274658203,83.06999969482422,83.30500030517578,21757
2026-02-13 20:05:00,83.30999755859375,83.61000061035156,83.27999877929688,83.27999877929688,77895
2026-02-13 20:10:00,83.2699966430664,83.30999755859375,82.86499786376953,82.95999908447266,26438
2026-02-13 20:15:00,82.98999786376953,83.0199966430664,82.69499969482422,82.88999938964844,51900
2026-02-13 20:20:00,82.86000061035156,82.9800033569336,82.68000030517578,82.875,27337
2026-02-13 20:25:00,82.875,82.875,82.51000213623047,82.6050033569336,31823
2026-02-13 20:30:00,82.5999984741211,82.63999938964844,82.27999877929688,82.27999877929688,32772
2026-02-13 20:35:00,82.2750015258789,82.47000122070312,82.23999786376953,82.41000366210938,40545
2026-02-13 20:40:00,82.36000061035156,82.45999908447266,82.23999786376953,82.37999725341797,41168
2026-02-13 20:45:00,82.4000015258789,82.63999938964844,82.33999633789062,82.4000015258789,109366
2026-02-13 20:50:00,82.36000061035156,82.36000061035156,81.94000244140625,82.19000244140625,135855
2026-02-13 20:55:00,82.20999908447266,82.44999694824219,82.05500030517578,82.42500305175781,340963
2026-02-17 14:30:00,81.54000091552734,82.87000274658203,81.54000091552734,82.83999633789062,97647
2026-02-17 14:35:00,82.62999725341797,83.11000061035156,82.1635971069336,82.77999877929688,44041
2026-02-17 14:40:00,82.77999877929688,82.98999786376953,81.70999908447266,81.77999877929688,22697
2026-02-17 14:45:00,81.80000305175781,82.72000122070312,81.69999694824219,82.56500244140625,21767
2026-02-17 14:50:00,82.56500244140625,82.70999908447266,81.98999786376953,82.29000091552734,23330
2026-02-17 14:55:00,82.5,82.98999786376953,82.06500244140625,82.48999786376953,33479
2026-02-17 15:00:00,82.43000030517578,82.80000305175781,82.03500366210938,82.70999908447266,28814
2026-02-17 15:05:00,82.5999984741211,82.79000091552734,81.97000122070312,82.01000213623047,24135
2026-02-17 15:10:00,82.01000213623047,82.18000030517578,81.55500030517578,81.83999633789062,28217
2026-02-17 15:15:00,81.75499725341797,82.4000015258789,81.63999938964844,82.19999694824219,33802
2026-02-17 15:20:00,82.22000122070312,82.30999755859375,81.69999694824219,81.69999694824219,43717
2026-02-17 15:25:00,81.5,81.80999755859375,81.0999984741211,81.3125,28518
2026-02-17 15:30:00,81.47000122070312,81.47000122070312,80.93499755859375,81.13500213623047,26973
2026-02-17 15:35:00,81.29000091552734,81.31999969482422,80.86000061035156,80.87999725341797,17424
2026-02-17 15:40:00,80.8949966430664,81.29000091552734,80.8949966430664,81.29000091552734,25487
2026-02-17 15:45:00,81.41000366210938,82.32499694824219,81.31999969482422,82.19999694824219,43437
2026-02-17 15:50:00,82.19999694824219,82.3499984741211,82.05000305175781,82.19999694824219,36675
2026-02-17 15:55:00,82.16999816894531,82.91000366210938,82.05000305175781,82.83999633789062,41046
2026-02-17 16:00:00,82.86499786376953,84.11000061035156,82.86499786376953,84.11000061035156,109414
2026-02-17 16:05:00,84.16000366210938,85.0,84.16000366210938,84.8499984741211,109529
2026-02-17 16:10:00,84.9000015258789,85.66999816894531,84.9000015258789,85.44000244140625,80373
2026-02-17 16:15:00,85.4000015258789,85.58999633789062,85.1449966430664,85.33000183105469,58447
2026-02-17 16:20:00,85.30000305175781,85.33000183105469,84.62000274658203,85.05000305175781,84425
2026-02-17 16:25:00,85.04499816894531,85.4000015258789,84.54000091552734,84.54000091552734,42193
2026-02-17 16:30:00,84.52999877929688,84.79000091552734,84.31999969482422,84.7300033569336,47553
2026-02-17 16:35:00,84.56500244140625,85.0999984741211,84.56500244140625,84.9800033569336,16296
2026-02-17 16:40:00,84.94999694824219,85.0999984741211,84.62010192871094,84.62010192871094,23730
2026-02-17 16:45:00,84.91000366210938,84.91000366210938,84.52999877929688,84.58499908447266,16771
2026-02-17 16:50:00,84.62999725341797,84.70999908447266,84.32499694824219,84.70999908447266,23071
2026-02-17 16:55:00,84.80999755859375,84.9000015258789,84.43000030517578,84.74500274658203,30023
2026-02-17 17:00:00,84.74500274658203,84.74500274658203,84.30999755859375,84.31999969482422,20292
2026-02-17 17:05:00,84.34500122070312,84.72000122070312,84.25,84.58000183105469,27423
2026-02-17 17:10:00,84.52999877929688,84.52999877929688,84.125,84.33000183105469,13724
2026-02-17 17:15:00,84.29019927978516,84.43000030517578,84.19999694824219,84.27999877929688,18225
2026-02-17 17:20:00,84.25,84.37000274658203,84.0999984741211,84.16000366210938,16081
2026-02-17 17:25:00,84.2300033569336,84.8949966430664,84.2300033569336,84.8949966430664,24653
2026-02-17 17:30:00,84.95349884033203,85.07499694824219,84.44499969482422,84.58999633789062,24183
2026-02-17 17:35:00,84.62000274658203,84.62000274658203,84.29000091552734,84.3499984741211,12116
2026-02-17 17:40:00,84.27999877929688,84.34500122070312,83.96379852294922,83.96379852294922,16686
2026-02-17 17:45:00,83.87999725341797,83.87999725341797,83.65850067138672,83.7249984741211,9563
2026-02-17 17:50:00,83.7249984741211,83.80000305175781,83.5199966430664,83.56999969482422,7982
2026-02-17 17:55:00,83.55999755859375,83.8949966430664,83.42559814453125,83.8949966430664,16929
2026-02-17 18:00:00,83.90499877929688,84.08000183105469,83.87000274658203,83.98999786376953,19841
2026-02-17 18:05:00,83.98500061035156,84.05999755859375,83.77999877929688,83.88999938964844,16567
2026-02-17 18:10:00,83.86000061035156,84.0999984741211,83.86000061035156,83.94999694824219,14972
2026-02-17 18:15:00,83.91000366210938,84.16000366210938,83.79000091552734,83.94000244140625,18579
2026-02-17 18:20:00,83.98999786376953,84.58000183105469,83.98999786376953,84.43499755859375,24851
2026-02-17 18:25:00,84.3949966430664,84.44999694824219,84.2300033569336,84.44499969482422,21218
2026-02-17 18:30:00,84.38500213623047,84.79000091552734,84.33000183105469,84.66999816894531,20240
2026-02-17 18:35:00,84.61000061035156,85.06999969482422,84.61000061035156,85.06999969482422,14519
2026-02-17 18:40:00,85.05999755859375,85.11000061035156,84.69999694824219,84.7249984741211,23031
2026-02-17 18:45:00,84.7249984741211,84.88999938964844,84.6500015258789,84.88999938964844,19487
2026-02-17 18:50:00,84.86000061035156,85.0,84.76000213623047,84.94989776611328,42402
2026-02-17 18:55:00,84.86000061035156,84.95999908447266,84.37000274658203,84.5199966430664,41906
2026-02-17 19:00:00,84.44499969482422,85.11000061035156,84.44499969482422,85.0199966430664,37191
2026-02-17 19:05:00,85.0999984741211,85.16999816894531,84.82499694824219,84.87999725341797,47170
2026-02-17 19:10:00,84.8499984741211,84.87999725341797,84.70999908447266,84.83000183105469,39001
2026-02-17 19:15:00,84.8499984741211,84.88500213623047,84.43000030517578,84.47000122070312,37180
2026-02-17 19:20:00,84.49500274658203,84.73999786376953,84.44999694824219,84.7249984741211,21074
2026-02-17 19:25:00,84.70999908447266,84.83000183105469,84.5199966430664,84.52999877929688,30354
2026-02-17 19:30:00,84.6500015258789,84.9800033569336,84.62999725341797,84.94499969482422,24442
2026-02-17 19:35:00,84.94499969482422,85.0,84.80999755859375,84.87000274658203,21304
2026-02-17 19:40:00,84.87000274658203,85.08000183105469,84.83499908447266,85.08000183105469,16650
2026-02-17 19:45:00,85.05500030517578,85.08000183105469,84.83999633789062,84.9800033569336,43689
2026-02-17 19:50:00,84.9749984741211,85.11000061035156,84.93000030517578,85.06999969482422,25639
2026-02-17 19:55:00,85.01000213623047,85.23999786376953,84.95999908447266,85.03500366210938,18759
2026-02-17 20:00:00,85.03500366210938,85.19999694824219,85.0,85.05999755859375,20595
2026-02-17 20:05:00,85.06999969482422,85.11000061035156,84.93000030517578,84.97000122070312,20229
2026-02-17 20:10:00,84.97000122070312,84.97000122070312,84.80999755859375,84.8499984741211,24272
2026-02-17 20:15:00,84.8499984741211,85.11000061035156,84.83000183105469,84.9000015258789,32257
2026-02-17 20:20:00,84.91000366210938,84.94000244140625,84.80999755859375,84.94000244140625,13842
2026-02-17 20:25:00,84.94000244140625,85.08000183105469,84.91500091552734,85.01499938964844,24302
2026-02-17 20:30:00,84.97000122070312,85.02989959716797,84.63500213623047,84.83499908447266,54314
2026-02-17 20:35:00,84.81999969482422,84.98999786376953,84.77749633789062,84.93000030517578,53877
2026-02-17 20:40:00,84.95999908447266,85.41999816894531,84.88999938964844,85.30000305175781,66602
2026-02-17 20:45:00,85.29000091552734,85.38999938964844,85.04000091552734,85.3499984741211,61579
2026-02-17 20:50:00,85.32499694824219,85.51000213623047,85.125,85.26499938964844,168843
2026-02-17 20:55:00,85.2699966430664,85.36000061035156,84.81999969482422,85.26000213623047,395216
2026-02-18 14:30:00,87.20999908447266,89.61000061035156,87.01000213623047,88.2300033569336,344946
2026-02-18 14:35:00,87.7699966430664,89.56999969482422,87.68499755859375,89.46499633789062,29931
2026-02-18 14:40:00,89.30999755859375,89.97000122070312,88.73999786376953,89.65049743652344,55941
2026-02-18 14:45:00,89.54000091552734,90.5199966430664,89.37000274658203,90.5199966430664,134914
2026-02-18 14:50:00,90.5199966430664,90.83679962158205,89.69999694824219,90.4749984741211,173628
2026-02-18 14:55:00,90.4749984741211,91.41000366210938,90.45999908447266,91.31500244140624,89773
2026-02-18 15:00:00,91.30500030517578,92.18000030517578,91.30500030517578,92.18000030517578,107354
2026-02-18 15:05:00,92.1500015258789,92.16000366210938,91.58999633789062,91.87000274658205,101156
2026-02-18 15:10:00,91.9000015258789,92.0,91.68000030517578,91.87999725341795,66262
2026-02-18 15:15:00,91.91000366210938,92.01000213623048,91.28299713134766,91.45999908447266,71073
2026-02-18 15:20:00,91.54000091552734,91.91999816894533,91.41999816894533,91.47000122070312,46458
2026-02-18 15:25:00,91.47000122070312,91.77999877929688,91.47000122070312,91.61000061035156,44997
2026-02-18 15:30:00,91.58999633789062,91.83000183105467,91.16500091552734,91.16500091552734,153584
2026-02-18 15:35:00,91.16500091552734,91.23999786376952,90.91000366210938,91.23999786376952,41270
2026-02-18 15:40:00,91.18499755859376,91.31999969482422,90.8499984741211,90.8499984741211,84507
2026-02-18 15:45:00,90.8499984741211,91.41999816894533,90.7300033569336,91.2699966430664,52543
2026-02-18 15:50:00,91.2699966430664,91.5999984741211,91.2699966430664,91.5,43195
2026-02-18 15:55:00,91.5,91.56999969482422,91.20999908447266,91.48999786376952,52476
2026-02-18 16:00:00,91.5,91.51499938964844,90.83999633789062,90.9800033569336,48329
2026-02-18 16:05:00,91.0199966430664,91.26000213623048,90.91999816894533,91.26000213623048,30256
2026-02-18 16:10:00,91.1999969482422,91.3499984741211,91.05999755859376,91.1050033569336,32150
2026-02-18 16:15:00,91.11000061035156,91.12999725341795,90.45999908447266,90.62000274658205,73650
2026-02-18 16:20:00,90.5500030517578,90.5500030517578,90.2699966430664,90.43000030517578,45168
2026-02-18 16:25:00,90.44000244140624,90.4499969482422,90.18000030517578,90.375,40741
2026-02-18 16:30:00,90.44000244140624,90.7750015258789,90.36499786376952,90.72000122070312,61178
2026-02-18 16:35:00,90.7300033569336,90.8499984741211,90.66999816894533,90.71499633789062,28211
2026-02-18 16:40:00,90.6999969482422,90.71499633789062,90.45999908447266,90.52999877929688,24604
2026-02-18 16:45:00,90.48159790039062,90.72000122070312,90.48159790039062,90.55500030517578,25927
2026-02-18 16:50:00,90.5999984741211,90.62000274658205,90.5,90.61000061035156,22329
2026-02-18 16:55:00,90.58000183105467,90.66000366210938,90.43499755859376,90.45500183105467,23975
2026-02-18 17:00:00,90.41000366210938,90.4800033569336,90.31999969482422,90.45500183105467,24761
2026-02-18 17:05:00,90.4800033569336,90.93000030517578,90.4800033569336,90.52999877929688,43001
2026-02-18 17:10:00,90.52999877929688,90.56999969482422,90.31999969482422,90.47000122070312,24487
2026-02-18 17:15:00,90.5,90.5199966430664,90.30999755859376,90.43000030517578,44566
2026-02-18 17:20:00,90.45999908447266,90.51000213623048,90.29000091552734,90.31500244140624,28225
2026-02-18 17:25:00,90.33989715576172,90.38999938964844,90.2300033569336,90.36000061035156,24475
2026-02-18 17:30:00,90.36499786376952,90.4000015258789,90.08999633789062,90.20999908447266,35763
2026-02-18 17:35:00,90.1999969482422,90.58999633789062,90.1999969482422,90.48999786376952,32891
2026-02-18 17:40:00,90.49500274658205,90.6999969482422,90.36000061035156,90.6449966430664,49744
2026-02-18 17:45:00,90.6500015258789,90.93000030517578,90.58999633789062,90.86000061035156,36052
2026-02-18 17:50:00,90.83999633789062,91.05999755859376,90.79000091552734,91.0250015258789,48448
2026-02-18 17:55:00,91.03500366210938,91.3550033569336,90.99500274658205,91.08000183105467,67637
2026-02-18 18:00:00,91.02249908447266,91.1999969482422,90.95999908447266,90.9800033569336,72245
2026-02-18 18:05:00,90.9800033569336,91.18000030517578,90.97750091552734,91.13500213623048,33366
2026-02-18 18:10:00,91.13500213623048,91.30999755859376,91.13500213623048,91.23999786376952,56360
2026-02-18 18:15:00,91.2300033569336,91.31999969482422,91.18000030517578,91.19499969482422,37524
2026-02-18 18:20:00,91.19499969482422,91.37999725341795,91.19499969482422,91.23999786376952,26600
2026-02-18 18:25:00,91.19000244140624,91.25,90.91999816894533,91.08999633789062,44464
2026-02-18 18:30:00,91.11000061035156,91.26000213623048,91.06999969482422,91.20500183105467,29764
2026-02-18 18:35:00,91.2699966430664,91.66500091552734,91.26000213623048,91.58499908447266,61243
2026-02-18 18:40:00,91.61499786376952,91.625,91.1999969482422,91.47000122070312,57927
2026-02-18 18:45:00,91.51000213623048,91.5999984741211,91.41999816894533,91.44239807128906,45975
2026-02-18 18:50:00,91.4800033569336,91.51000213623048,91.27999877929688,91.38999938964844,53300
2026-02-18 18:55:00,91.41500091552734,91.51000213623048,91.33000183105467,91.36499786376952,39929
2026-02-18 19:00:00,91.33000183105467,91.66999816894533,91.3249969482422,91.66999816894533,43774
2026-02-18 19:05:00,91.64839935302734,91.77999877929688,91.62000274658205,91.63999938964844,58430
2026-02-18 19:10:00,91.66000366210938,91.79499816894533,91.2300033569336,91.2300033569336,76898
2026-02-18 19:15:00,91.2300033569336,91.23999786376952,90.66000366210938,90.81999969482422,54833
2026-02-18 19:20:00,90.8000030517578,91.13999938964844,90.7300033569336,90.91999816894533,56432
2026-02-18 19:25:00,90.94000244140624,91.05999755859376,90.88999938964844,91.04000091552734,33102
2026-02-18 19:30:00,91.00499725341795,91.06999969482422,90.81999969482422,90.93000030517578,60066
2026-02-18 19:35:00,90.8499984741211,90.9499969482422,90.71499633789062,90.88999938964844,44886
2026-02-18 19:40:00,90.76000213623048,91.02999877929688,90.76000213623048,90.84500122070312,40496
2026-02-18 19:45:00,90.81999969482422,91.05999755859376,90.81999969482422,90.91000366210938,55992
2026-02-18 19:50:00,90.87999725341795,90.95999908447266,90.80999755859376,90.82250213623048,42467
2026-02-18 19:55:00,90.81500244140624,90.87000274658205,90.54000091552734,90.68000030517578,59266
2026-02-18 20:00:00,90.72000122070312,91.0999984741211,90.69499969482422,90.95500183105467,59644
2026-02-18 20:05:00,91.0,91.58499908447266,90.9800033569336,91.25,101418
2026-02-18 20:10:00,91.27999877929688,91.44000244140624,91.19000244140624,91.31500244140624,85637
2026-02-18 20:15:00,91.31500244140624,91.62999725341795,91.18000030517578,91.5199966430664,84809
2026-02-18 20:20:00,91.5199966430664,91.70999908447266,91.47000122070312,91.5749969482422,77082
2026-02-18 20:25:00,91.5749969482422,91.5875015258789,91.33000183105467,91.44000244140624,105398
2026-02-18 20:30:00,91.44000244140624,91.70999908447266,91.25,91.62000274658205,140995
2026-02-18 20:35:00,91.63300323486328,92.08000183105467,91.5789031982422,92.01000213623048,180134
2026-02-18 20:40:00,92.04000091552734,92.04499816894533,91.6624984741211,91.68499755859376,136320
2026-02-18 20:45:00,91.71600341796876,92.0199966430664,91.56999969482422,91.8000030517578,170223
2026-02-18 20:50:00,91.86000061035156,92.0199966430664,91.63999938964844,91.63999938964844,268720
2026-02-18 20:55:00,91.6500015258789,91.79499816894533,91.1500015258789,91.4800033569336,791634
2026-02-19 14:30:00,76.83000183105469,80.80000305175781,76.83000183105469,79.83000183105469,1707947
2026-02-19 14:35:00,79.86100006103516,80.75,78.5552978515625,79.66000366210938,482486
2026-02-19 14:40:00,79.66500091552734,82.04000091552734,79.44000244140625,81.79499816894531,357671
2026-02-19 14:45:00,81.94000244140625,82.04000091552734,80.45500183105469,80.94499969482422,307952
2026-02-19 14:50:00,80.94499969482422,82.75,80.5000991821289,82.27999877929688,286743
2026-02-19 14:55:00,82.30000305175781,82.63999938964844,81.0,81.95999908447266,239090
2026-02-19 15:00:00,82.04000091552734,82.69999694824219,81.23699951171875,81.73999786376953,222327
2026-02-19 15:05:00,81.76000213623047,82.27989959716797,81.29000091552734,81.55000305175781,189787
2026-02-19 15:10:00,81.62999725341797,81.66000366210938,80.63999938964844,80.66000366210938,156258
2026-02-19 15:15:00,80.75,81.84500122070312,80.68000030517578,81.68499755859375,151240
2026-02-19 15:20:00,81.58999633789062,83.44999694824219,81.55999755859375,83.43000030517578,165246
2026-02-19 15:25:00,83.3499984741211,83.76000213623047,82.73999786376953,83.31999969482422,147297
2026-02-19 15:30:00,83.25499725341797,83.3499984741211,82.7301025390625,83.09500122070312,98086
2026-02-19 15:35:00,83.08999633789062,83.48999786376953,82.20999908447266,82.28500366210938,102413
2026-02-19 15:40:00,82.29000091552734,82.44999694824219,81.38999938964844,81.70999908447266,113008
2026-02-19 15:45:00,81.63500213623047,81.7854995727539,81.34500122070312,81.7300033569336,98392
2026-02-19 15:50:00,81.68000030517578,81.69999694824219,81.0199966430664,81.31999969482422,123541
2026-02-19 15:55:00,81.31999969482422,81.72000122070312,81.16000366210938,81.64990234375,86787
2026-02-19 16:00:00,81.56999969482422,82.25,81.44999694824219,82.06500244140625,83117
2026-02-19 16:05:00,82.04000091552734,82.8499984741211,81.93000030517578,82.55000305175781,140028
2026-02-19 16:10:00,82.63999938964844,82.88999938964844,82.23560333251953,82.87000274658203,53486
2026-02-19 16:15:00,82.69999694824219,83.36000061035156,82.69999694824219,83.10679626464844,58580
2026-02-19 16:20:00,83.1050033569336,83.37999725341797,82.91999816894531,82.98999786376953,48412
2026-02-19 16:25:00,82.94499969482422,82.94509887695312,81.69000244140625,81.91000366210938,129024
2026-02-19 16:30:00,82.01000213623047,82.27999877929688,81.91999816894531,82.12000274658203,45459
2026-02-19 16:35:00,82.12000274658203,82.12000274658203,81.3499984741211,81.6500015258789,60312
2026-02-19 16:40:00,81.80999755859375,81.81999969482422,81.5,81.51000213623047,33189
2026-02-19 16:45:00,81.51000213623047,81.87999725341797,81.51000213623047,81.59989929199219,61115
2026-02-19 16:50:00,81.58000183105469,81.7699966430664,81.0199966430664,81.56999969482422,83040
2026-02-19 16:55:00,81.58000183105469,81.6073989868164,81.12000274658203,81.40499877929688,50664
2026-02-19 17:00:00,81.40499877929688,82.18000030517578,81.27999877929688,81.92500305175781,51038
2026-02-19 17:05:00,82.01000213623047,82.87999725341797,81.91000366210938,82.67500305175781,69928
2026-02-19 17:10:00,82.76860046386719,82.98580169677734,82.0801010131836,82.41000366210938,74596
2026-02-19 17:15:00,82.41000366210938,82.66919708251953,82.16000366210938,82.66919708251953,47792
2026-02-19 17:20:00,82.61000061035156,82.88999938964844,82.2699966430664,82.33000183105469,45428
2026-02-19 17:25:00,82.31999969482422,82.33000183105469,81.70010375976562,82.07499694824219,59683
2026-02-19 17:30:00,82.04499816894531,82.25,81.86000061035156,82.18000030517578,51794
2026-02-19 17:35:00,82.18000030517578,82.33999633789062,81.66999816894531,81.66999816894531,37000
2026-02-19 17:40:00,81.72000122070312,81.88500213623047,81.4800033569336,81.66000366210938,47501
2026-02-19 17:45:00,81.67500305175781,81.97000122070312,81.67500305175781,81.80000305175781,47717
2026-02-19 17:50:00,81.80500030517578,81.9800033569336,81.70999908447266,81.80999755859375,23771
2026-02-19 17:55:00,81.80000305175781,82.06999969482422,81.69999694824219,81.83000183105469,29978
2026-02-19 18:00:00,81.79000091552734,81.87999725341797,81.55000305175781,81.62999725341797,40943
2026-02-19 18:05:00,81.58000183105469,81.83999633789062,81.41000366210938,81.69499969482422,49373
2026-02-19 18:10:00,81.61000061035156,81.61000061035156,81.33999633789062,81.58999633789062,30442
2026-02-19 18:15:00,81.5999984741211,81.62999725341797,80.79000091552734,80.83999633789062,55334
2026-02-19 18:20:00,80.83999633789062,80.83999633789062,80.36000061035156,80.5,53405
2026-02-19 18:25:00,80.46005249023438,80.73989868164062,80.22010040283203,80.44000244140625,52049
2026-02-19 18:30:00,80.41000366210938,80.51000213623047,79.98999786376953,80.0,93246
2026-02-19 18:35:00,80.04000091552734,80.3499984741211,79.80000305175781,79.91999816894531,80867
2026-02-19 18:40:00,79.83000183105469,79.91500091552734,79.20999908447266,79.86000061035156,81707
2026-02-19 18:45:00,79.87159729003906,80.25990295410156,79.50499725341797,79.66500091552734,54137
2026-02-19 18:50:00,79.68119812011719,80.0199966430664,79.33999633789062,79.41000366210938,76514
2026-02-19 18:55:00,79.40499877929688,79.54989624023438,79.26000213623047,79.4749984741211,61951
2026-02-19 19:00:00,79.43000030517578,79.54000091552734,78.93009948730469,79.36000061035156,126005
2026-02-19 19:05:00,79.41000366210938,79.95999908447266,79.38999938964844,79.80000305175781,58902
2026-02-19 19:10:00,79.76000213623047,79.76000213623047,79.05999755859375,79.24500274658203,55852
2026-02-19 19:15:00,79.24500274658203,79.27989959716797,78.6500015258789,78.80999755859375,51962
2026-02-19 19:20:00,78.80999755859375,79.16000366210938,78.44000244140625,78.69000244140625,110087
2026-02-19 19:25:00,78.69000244140625,78.76000213623047,78.44000244140625,78.52999877929688,55422
2026-02-19 19:30:00,78.5999984741211,78.75990295410156,78.25499725341797,78.25499725341797,62292
2026-02-19 19:35:00,78.27999877929688,78.38999938964844,77.98999786376953,78.0,86944
2026-02-19 19:40:00,78.0199966430664,78.62000274658203,77.97000122070312,78.25,112482
2026-02-19 19:45:00,78.23999786376953,78.27989959716797,77.75,77.83999633789062,106129
2026-02-19 19:50:00,77.8499984741211,78.01000213623047,77.66000366210938,77.66000366210938,80902
2026-02-19 19:55:00,77.66000366210938,77.83000183105469,77.30010223388672,77.49500274658203,127276
2026-02-19 20:00:00,77.54000091552734,77.88999938964844,77.44000244140625,77.66500091552734,150740
2026-02-19 20:05:00,77.69000244140625,78.23999786376953,77.6500015258789,78.12999725341797,100097
2026-02-19 20:10:00,78.13009643554688,78.2300033569336,77.87359619140625,78.0250015258789,100136
2026-02-19 20:15:00,78.0250015258789,78.65989685058594,78.0250015258789,78.3550033569336,132919
2026-02-19 20:20:00,78.29000091552734,78.81990051269531,78.11000061035156,78.73750305175781,206002
2026-02-19 20:25:00,78.66000366210938,78.76000213623047,78.2699966430664,78.37999725341797,107288
2026-02-19 20:30:00,78.37999725341797,78.6050033569336,78.08809661865234,78.32499694824219,161734
2026-02-19 20:35:00,78.32499694824219,78.77999877929688,78.30799865722656,78.75,145815
2026-02-19 20:40:00,78.79000091552734,79.55999755859375,78.58999633789062,79.52749633789062,363253
2026-02-19 20:45:00,79.54000091552734,79.77200317382812,79.4000015258789,79.51499938964844,258364
2026-02-19 20:50:00,79.4800033569336,79.56999969482422,78.82499694824219,79.45999908447266,371056
2026-02-19 20:55:00,79.43000030517578,79.91000366210938,79.18499755859375,79.58999633789062,689175
2026-02-20 14:30:00,78.51000213623047,81.43000030517578,78.5,79.69000244140625,211342
2026-02-20 14:35:00,79.7300033569336,82.05999755859375,79.58999633789062,82.05999755859375,156513
2026-02-20 14:40:00,82.05999755859375,82.85990142822266,81.44999694824219,82.59919738769531,89920
2026-02-20 14:45:00,82.59500122070312,83.69999694824219,82.33999633789062,82.70500183105469,251749
2026-02-20 14:50:00,82.81120300292969,84.0999984741211,82.62000274658203,83.55999755859375,159754
2026-02-20 14:55:00,83.69000244140625,83.86499786376953,82.87010192871094,83.75060272216797,84912
2026-02-20 15:00:00,83.77999877929688,87.30500030517578,83.04000091552734,84.5199966430664,452723
2026-02-20 15:05:00,84.51000213623047,85.0,83.16999816894531,84.55500030517578,355534
2026-02-20 15:10:00,84.12010192871094,85.1500015258789,83.69999694824219,84.21820068359375,179593
2026-02-20 15:15:00,84.41000366210938,84.81500244140625,84.05010223388672,84.41000366210938,159326
2026-02-20 15:20:00,84.44999694824219,85.30999755859375,84.0999984741211,84.58000183105469,178566
2026-02-20 15:25:00,84.47000122070312,84.70249938964844,83.61009979248047,83.79000091552734,76101
2026-02-20 15:30:00,83.88999938964844,84.29000091552734,82.80999755859375,82.9000015258789,120835
2026-02-20 15:35:00,82.8949966430664,83.25,82.23999786376953,82.875,203877
2026-02-20 15:40:00,82.93000030517578,83.13999938964844,82.25,82.55999755859375,220448
2026-02-20 15:45:00,82.62999725341797,83.19709777832031,82.54750061035156,82.87999725341797,146252
2026-02-20 15:50:00,82.83999633789062,83.2300033569336,82.30999755859375,83.12999725341797,115998
2026-02-20 15:55:00,83.13500213623047,84.12999725341797,83.13500213623047,83.44999694824219,155146
2026-02-20 16:00:00,83.45999908447266,84.14600372314453,83.29000091552734,84.14600372314453,68171
2026-02-20 16:05:00,84.09500122070312,84.22000122070312,83.55000305175781,83.77999877929688,160552
2026-02-20 16:10:00,83.75,84.0250015258789,83.3499984741211,83.38999938964844,82665
2026-02-20 16:15:00,83.48999786376953,83.62969970703125,83.06999969482422,83.62969970703125,82421
2026-02-20 16:20:00,83.54499816894531,83.54499816894531,83.08000183105469,83.22000122070312,62656
2026-02-20 16:25:00,83.20999908447266,83.2300033569336,82.8550033569336,82.9800033569336,99618
2026-02-20 16:30:00,82.9749984741211,83.48100280761719,82.81999969482422,83.48100280761719,46153
2026-02-20 16:35:00,83.41000366210938,83.53820037841797,83.01000213623047,83.21499633789062,71274
2026-02-20 16:40:00,83.18000030517578,83.43000030517578,83.0999984741211,83.13999938964844,33869
2026-02-20 16:45:00,83.16999816894531,83.42040252685547,82.94999694824219,83.18499755859375,61817
2026-02-20 16:50:00,83.20999908447266,83.55000305175781,83.16000366210938,83.5,86150
2026-02-20 16:55:00,83.50499725341797,83.55000305175781,82.45999908447266,82.48999786376953,108096
2026-02-20 17:00:00,82.54000091552734,82.55000305175781,81.48999786376953,81.49500274658203,90390
2026-02-20 17:05:00,81.49500274658203,81.66999816894531,81.20950317382812,81.42649841308594,69655
2026-02-20 17:10:00,81.3656997680664,81.5999984741211,81.08000183105469,81.37999725341797,53263
2026-02-20 17:15:00,81.30000305175781,81.75,81.05000305175781,81.75,58281
2026-02-20 17:20:00,81.6729965209961,81.97000122070312,81.55999755859375,81.76000213623047,56227
2026-02-20 17:25:00,81.80000305175781,81.98999786376953,81.37999725341797,81.48999786376953,55173
2026-02-20 17:30:00,81.47000122070312,81.62000274658203,81.2300033569336,81.38999938964844,47434
2026-02-20 17:35:00,81.37999725341797,81.46499633789062,81.04609680175781,81.3499984741211,33865
2026-02-20 17:40:00,81.3550033569336,81.43000030517578,81.0199966430664,81.37000274658203,46196
2026-02-20 17:45:00,81.375,81.73999786376953,81.37000274658203,81.69750213623047,28713
2026-02-20 17:50:00,81.61009979248047,81.91000366210938,81.61000061035156,81.73249816894531,43561
2026-02-20 17:55:00,81.75,81.91500091552734,81.54000091552734,81.75,58441
2026-02-20 18:00:00,81.70999908447266,81.75,81.30999755859375,81.43879699707031,40964
2026-02-20 18:05:00,81.37999725341797,81.48639678955078,81.12999725341797,81.16000366210938,43595
2026-02-20 18:10:00,81.15499877929688,81.24500274658203,80.93000030517578,81.09500122070312,36194
2026-02-20 18:15:00,81.08000183105469,81.20999908447266,80.94999694824219,81.08999633789062,39154
2026-02-20 18:20:00,81.02999877929688,81.04000091552734,80.74099731445312,80.875,41158
2026-02-20 18:25:00,80.79000091552734,80.91999816894531,80.58999633789062,80.86000061035156,74402
2026-02-20 18:30:00,80.86000061035156,81.56999969482422,80.7300033569336,81.1500015258789,82943
2026-02-20 18:35:00,81.1449966430664,81.27999877929688,80.7500991821289,80.7500991821289,62851
2026-02-20 18:40:00,80.80999755859375,81.19999694824219,80.75,81.08000183105469,54774
2026-02-20 18:45:00,81.04000091552734,81.31999969482422,80.98999786376953,81.2300033569336,57588
2026-02-20 18:50:00,81.27999877929688,81.55999755859375,81.08000183105469,81.53250122070312,58661
2026-02-20 18:55:00,81.51499938964844,81.76000213623047,81.30999755859375,81.3550033569336,58903
2026-02-20 19:00:00,81.41999816894531,81.73999786376953,81.26000213623047,81.33999633789062,64197
2026-02-20 19:05:00,81.33999633789062,81.73999786376953,81.26000213623047,81.62000274658203,46640
2026-02-20 19:10:00,81.58999633789062,81.59500122070312,81.06500244140625,81.06500244140625,38466
2026-02-20 19:15:00,81.04000091552734,81.30000305175781,80.98999786376953,81.30000305175781,56022
2026-02-20 19:20:00,81.28500366210938,81.73999786376953,81.28500366210938,81.61000061035156,31377
2026-02-20 19:25:00,81.59500122070312,82.40499877929688,81.4749984741211,82.23999786376953,100302
2026-02-20 19:30:00,82.18000030517578,82.62000274658203,82.125,82.1500015258789,115808
2026-02-20 19:35:00,82.19000244140625,82.30000305175781,81.94999694824219,82.05999755859375,45538
2026-02-20 19:40:00,82.08999633789062,82.45999908447266,81.87999725341797,81.93000030517578,59388
2026-02-20 19:45:00,81.97000122070312,81.9800033569336,81.56999969482422,81.6449966430664,46086
2026-02-20 19:50:00,81.6449966430664,81.87999725341797,81.55000305175781,81.6500015258789,55625
2026-02-20 19:55:00,81.6427001953125,81.6427001953125,81.20999908447266,81.29000091552734,38584
2026-02-20 20:00:00,81.37999725341797,81.8499984741211,81.33999633789062,81.69999694824219,58193
2026-02-20 20:05:00,81.69999694824219,81.94499969482422,81.6050033569336,81.94000244140625,57347
2026-02-20 20:10:00,81.95999908447266,82.0,81.43000030517578,81.70500183105469,82050
2026-02-20 20:15:00,81.70500183105469,81.70500183105469,81.26000213623047,81.2699966430664,42002
2026-02-20 20:20:00,81.2699966430664,81.30500030517578,81.12999725341797,81.2699966430664,71091
2026-02-20 20:25:00,81.30000305175781,81.33000183105469,80.86000061035156,80.91000366210938,64649
2026-02-20 20:30:00,80.91000366210938,81.08499908447266,80.81999969482422,80.98999786376953,63286
2026-02-20 20:35:00,80.9749984741211,81.12000274658203,80.87000274658203,80.95999908447266,71120
2026-02-20 20:40:00,80.91999816894531,81.01499938964844,80.8499984741211,80.95999908447266,125075
2026-02-20 20:45:00,80.95999908447266,81.02999877929688,80.69000244140625,80.79499816894531,198109
2026-02-20 20:50:00,80.81999969482422,81.2300033569336,80.79499816894531,81.19499969482422,275116
2026-02-20 20:55:00,81.19979858398438,81.44999694824219,80.68000030517578,81.44499969482422,641197
2026-02-23 14:30:00,80.44000244140625,81.50499725341797,80.01000213623047,80.50299835205078,162770
2026-02-23 14:35:00,80.49500274658203,80.5,78.7666015625,79.07160186767578,33422
2026-02-23 14:40:00,79.0199966430664,79.02999877929688,77.0999984741211,77.59500122070312,97353
2026-02-23 14:45:00,77.51000213623047,77.75,77.0999984741211,77.3125,77507
2026-02-23 14:50:00,77.23999786376953,77.66000366210938,76.96150207519531,77.43299865722656,57707
2026-02-23 14:55:00,77.42500305175781,77.83999633789062,77.02999877929688,77.16799926757812,46711
2026-02-23 15:00:00,77.19000244140625,77.41999816894531,76.76000213623047,76.91220092773438,82783
2026-02-23 15:05:00,76.91999816894531,77.18000030517578,76.3499984741211,76.44000244140625,64229
2026-02-23 15:10:00,76.44000244140625,76.86000061035156,76.41010284423828,76.4800033569336,56161
2026-02-23 15:15:00,76.41000366210938,76.5199966430664,75.76000213623047,76.0999984741211,145433
2026-02-23 15:20:00,76.16000366210938,76.23999786376953,75.5,75.62750244140625,84143
2026-02-23 15:25:00,75.58999633789062,75.63500213623047,74.93000030517578,75.13500213623047,117500
2026-02-23 15:30:00,75.23999786376953,75.55500030517578,75.16000366210938,75.21499633789062,56139
2026-02-23 15:35:00,75.17500305175781,75.5,74.83000183105469,75.07499694824219,105228
2026-02-23 15:40:00,75.13999938964844,75.16999816894531,74.62999725341797,75.12999725341797,68777
2026-02-23 15:45:00,75.17500305175781,75.29000091552734,74.70999908447266,75.12000274658203,54036
2026-02-23 15:50:00,75.04000091552734,75.27999877929688,74.66000366210938,74.72000122070312,64414
2026-02-23 15:55:00,74.71499633789062,74.91999816894531,74.30999755859375,74.44999694824219,47474
2026-02-23 16:00:00,74.48999786376953,74.69000244140625,74.0,74.27999877929688,74353
2026-02-23 16:05:00,74.29000091552734,74.29000091552734,74.01000213623047,74.16000366210938,31103
2026-02-23 16:10:00,74.15499877929688,74.29000091552734,73.96499633789062,74.06500244140625,60615
2026-02-23 16:15:00,74.08000183105469,74.19000244140625,73.7300033569336,74.02999877929688,91063
2026-02-23 16:20:00,74.08999633789062,74.08999633789062,73.86000061035156,73.97000122070312,50178
2026-02-23 16:25:00,73.97000122070312,74.04000091552734,73.6980972290039,73.83999633789062,118812
2026-02-23 16:30:00,73.79000091552734,74.0199966430664,73.53099822998047,73.58999633789062,98308
2026-02-23 16:35:00,73.62000274658203,73.9999008178711,73.44999694824219,73.5250015258789,72072
2026-02-23 16:40:00,73.5,74.02999877929688,73.41999816894531,73.93000030517578,120130
2026-02-23 16:45:00,73.95999908447266,74.2699966430664,73.5,73.73999786376953,72380
2026-02-23 16:50:00,73.73500061035156,73.9800033569336,73.70500183105469,73.7300033569336,50401
2026-02-23 16:55:00,73.82499694824219,74.30000305175781,73.69999694824219,73.87999725341797,70615
2026-02-23 17:00:00,73.8499984741211,74.34500122070312,73.79499816894531,74.16999816894531,79397
2026-02-23 17:05:00,74.16000366210938,74.38999938964844,74.08999633789062,74.13999938964844,32766
2026-02-23 17:10:00,74.11540222167969,74.18000030517578,73.98999786376953,74.04499816894531,44671
2026-02-23 17:15:00,74.01000213623047,74.37999725341797,73.94000244140625,74.33000183105469,53296
2026-02-23 17:20:00,74.33000183105469,74.41000366210938,74.22000122070312,74.2300033569336,56097
2026-02-23 17:25:00,74.20999908447266,74.56999969482422,73.98500061035156,74.01000213623047,74821
2026-02-23 17:30:00,74.0199966430664,74.0199966430664,73.62000274658203,73.8499984741211,49940
2026-02-23 17:35:00,73.83999633789062,74.05000305175781,73.54000091552734,73.59500122070312,42033
2026-02-23 17:40:00,73.5199966430664,73.86499786376953,73.5199966430664,73.66000366210938,70690
2026-02-23 17:45:00,73.70999908447266,73.91999816894531,73.55999755859375,73.83999633789062,39253
2026-02-23 17:50:00,73.86000061035156,74.1500015258789,73.76000213623047,74.04000091552734,49473
2026-02-23 17:55:00,74.0199966430664,74.18000030517578,73.8949966430664,73.9000015258789,55852
2026-02-23 18:00:00,73.9000015258789,74.02999877929688,73.80000305175781,73.9000015258789,35607
2026-02-23 18:05:00,73.875,73.95999908447266,73.79000091552734,73.80000305175781,56488
2026-02-23 18:10:00,73.87000274658203,74.02999877929688,73.77999877929688,73.9800033569336,47396
2026-02-23 18:15:00,73.9800033569336,74.05000305175781,73.87000274658203,73.93499755859375,38129
2026-02-23 18:20:00,73.91519927978516,74.08999633789062,73.87000274658203,74.01000213623047,36576
2026-02-23 18:25:00,74.0,74.11000061035156,73.86000061035156,73.95999908447266,44033
2026-02-23 18:30:00,73.97000122070312,73.97000122070312,73.80000305175781,73.91999816894531,41319
2026-02-23 18:35:00,73.91500091552734,74.06500244140625,73.81999969482422,73.81999969482422,63970
2026-02-23 18:40:00,73.8499984741211,73.9000015258789,73.70999908447266,73.80999755859375,43418
2026-02-23 18:45:00,73.79499816894531,74.17500305175781,73.76000213623047,74.0999984741211,37753
2026-02-23 18:50:00,74.09500122070312,74.18000030517578,73.91999816894531,73.92500305175781,42410
2026-02-23 18:55:00,73.91500091552734,73.93000030517578,73.72000122070312,73.81500244140625,42215
2026-02-23 19:00:00,73.79000091552734,73.95999908447266,73.7699966430664,73.94000244140625,46199
2026-02-23 19:05:00,73.94000244140625,74.12999725341797,73.9000015258789,74.00499725341797,58855
2026-02-23 19:10:00,74.00499725341797,74.20500183105469,73.95999908447266,74.13999938964844,51760
2026-02-23 19:15:00,74.0999984741211,74.23999786376953,73.98999786376953,74.05000305175781,46024
2026-02-23 19:20:00,74.04000091552734,74.11499786376953,73.79499816894531,73.81500244140625,30038
2026-02-23 19:25:00,73.80000305175781,74.05169677734375,73.66000366210938,74.02999877929688,71882
2026-02-23 19:30:00,74.02999877929688,74.08000183105469,73.94000244140625,73.99500274658203,43041
2026-02-23 19:35:00,73.99500274658203,74.20999908447266,73.98999786376953,74.02999877929688,33815
2026-02-23 19:40:00,74.0199966430664,74.0199966430664,73.69999694824219,74.0,136669
2026-02-23 19:45:00,74.00499725341797,74.19499969482422,74.0,74.06999969482422,27563
2026-02-23 19:50:00,74.12999725341797,74.16000366210938,73.97010040283203,74.06500244140625,31922
2026-02-23 19:55:00,74.06500244140625,74.2157974243164,73.77999877929688,73.8499984741211,45372
2026-02-23 20:00:00,73.8499984741211,73.9800033569336,73.62000274658203,73.6500015258789,50152
2026-02-23 20:05:00,73.62999725341797,73.76000213623047,73.44999694824219,73.5,52490
2026-02-23 20:10:00,73.4749984741211,73.58999633789062,73.30999755859375,73.33000183105469,51355
2026-02-23 20:15:00,73.33000183105469,73.52999877929688,73.27999877929688,73.29000091552734,75293
2026-02-23 20:20:00,73.29000091552734,73.56999969482422,73.11000061035156,73.56999969482422,123527
2026-02-23 20:25:00,73.5999984741211,73.83999633789062,73.41999816894531,73.75,78152
2026-02-23 20:30:00,73.76000213623047,74.3759994506836,73.76000213623047,74.36000061035156,91627
2026-02-23 20:35:00,74.33499908447266,74.55000305175781,74.12000274658203,74.31999969482422,89721
2026-02-23 20:40:00,74.33000183105469,74.44999694824219,74.02999877929688,74.06999969482422,136765
2026-02-23 20:45:00,74.05999755859375,74.05999755859375,73.68000030517578,73.69000244140625,143689
2026-02-23 20:50:00,73.69000244140625,73.7300033569336,73.20500183105469,73.30999755859375,232284
2026-02-23 20:55:00,73.28500366210938,73.52999877929688,73.20999908447266,73.47000122070312,478557
2026-02-24 14:30:00,73.48999786376953,75.12590026855469,73.0199966430664,75.0,102272
2026-02-24 14:35:00,74.67500305175781,75.05000305175781,74.08999633789062,74.62760162353516,19071
2026-02-24 14:40:00,74.73500061035156,74.9000015258789,74.01000213623047,74.4800033569336,40235
2026-02-24 14:45:00,74.4749984741211,75.0,73.98999786376953,74.9800033569336,43752
2026-02-24 14:50:00,75.04000091552734,75.29000091552734,74.12000274658203,74.45999908447266,48185
2026-02-24 14:55:00,74.45999908447266,74.7699966430664,74.16010284423828,74.66000366210938,22345
2026-02-24 15:00:00,74.5,74.66000366210938,74.0,74.19999694824219,59931
2026-02-24 15:05:00,74.19000244140625,74.41999816894531,74.06999969482422,74.41000366210938,22194
2026-02-24 15:10:00,74.41000366210938,74.5199966430664,74.06999969482422,74.19740295410156,33764
2026-02-24 15:15:00,74.19999694824219,74.37000274658203,73.80010223388672,74.11000061035156,37149
2026-02-24 15:20:00,74.06999969482422,74.98999786376953,74.05000305175781,74.76000213623047,11700
2026-02-24 15:25:00,74.74259948730469,75.27999877929688,74.66999816894531,75.08999633789062,59884
2026-02-24 15:30:00,75.125,75.30000305175781,74.72000122070312,74.75,71134
2026-02-24 15:35:00,74.7300033569336,74.75499725341797,74.42160034179688,74.62000274658203,18081
2026-02-24 15:40:00,74.5999984741211,74.76000213623047,74.41999816894531,74.68000030517578,12204
2026-02-24 15:45:00,74.55999755859375,74.83000183105469,74.45999908447266,74.83000183105469,13802
2026-02-24 15:50:00,74.83999633789062,75.03990173339844,74.79000091552734,74.79000091552734,48649
2026-02-24 15:55:00,74.82499694824219,74.83999633789062,74.65499877929688,74.83000183105469,16495
2026-02-24 16:00:00,74.79000091552734,75.1500015258789,74.7699966430664,74.87000274658203,29754
2026-02-24 16:05:00,74.83999633789062,74.98999786376953,74.73999786376953,74.91000366210938,17502
2026-02-24 16:10:00,74.9386978149414,74.95999908447266,74.66999816894531,74.66999816894531,20718
2026-02-24 16:15:00,74.68499755859375,74.75,74.48999786376953,74.66999816894531,22991
2026-02-24 16:20:00,74.63999938964844,74.63999938964844,74.25,74.37000274658203,25486
2026-02-24 16:25:00,74.37999725341797,74.4000015258789,74.23500061035156,74.38500213623047,16946
2026-02-24 16:30:00,74.38500213623047,74.38500213623047,73.82499694824219,73.91999816894531,39825
2026-02-24 16:35:00,73.97000122070312,74.20999908447266,73.95999908447266,74.0999984741211,26744
2026-02-24 16:40:00,74.09500122070312,74.2750015258789,74.0,74.16000366210938,23859
2026-02-24 16:45:00,74.13999938964844,74.16999816894531,74.0,74.05999755859375,12334
2026-02-24 16:50:00,74.06500244140625,74.38999938964844,73.94999694824219,74.30000305175781,33821
2026-02-24 16:55:00,74.32499694824219,74.32499694824219,74.08000183105469,74.1500015258789,19021
2026-02-24 17:00:00,74.1500015258789,74.25990295410156,73.9000015258789,73.9800033569336,49494
2026-02-24 17:05:00,73.90010070800781,73.95999908447266,73.60005187988281,73.61000061035156,27809
2026-02-24 17:10:00,73.6500015258789,73.81999969482422,73.5,73.5801010131836,35890
2026-02-24 17:15:00,73.5999984741211,73.5999984741211,73.18000030517578,73.26499938964844,30765
2026-02-24 17:20:00,73.26499938964844,73.38359832763672,73.26000213623047,73.26000213623047,14188
2026-02-24 17:25:00,73.20999908447266,73.20999908447266,72.83000183105469,72.93499755859375,44541
2026-02-24 17:30:00,72.98989868164062,73.41000366210938,72.93499755859375,73.30000305175781,38387
2026-02-24 17:35:00,73.33000183105469,73.33000183105469,73.0,73.01000213623047,16113
2026-02-24 17:40:00,73.0199966430664,73.13999938964844,72.94000244140625,73.02999877929688,44415
2026-02-24 17:45:00,73.05000305175781,73.0999984741211,72.98999786376953,73.08499908447266,18007
2026-02-24 17:50:00,73.05999755859375,73.16500091552734,73.05000305175781,73.11499786376953,20885
2026-02-24 17:55:00,73.08000183105469,73.08499908447266,73.0,73.02999877929688,23697
2026-02-24 18:00:00,73.05000305175781,73.22000122070312,73.0199966430664,73.18000030517578,19947
2026-02-24 18:05:00,73.1500015258789,73.28500366210938,73.06999969482422,73.19999694824219,35353
2026-02-24 18:10:00,73.18000030517578,73.69889831542969,73.1500015258789,73.55999755859375,53167
2026-02-24 18:15:00,73.44000244140625,73.80500030517578,73.44000244140625,73.70999908447266,23548
2026-02-24 18:20:00,73.73999786376953,73.91999816894531,73.70999908447266,73.81999969482422,19327
2026-02-24 18:25:00,73.81999969482422,74.1666030883789,73.7699966430664,74.02999877929688,19319
2026-02-24 18:30:00,74.03500366210938,74.13500213623047,73.98999786376953,74.07250213623047,18237
2026-02-24 18:35:00,74.04000091552734,74.13999938964844,73.94999694824219,74.05999755859375,22994
2026-02-24 18:40:00,74.1050033569336,74.1050033569336,73.76499938964844,73.91000366210938,21725
2026-02-24 18:45:00,73.8949966430664,73.9124984741211,73.79000091552734,73.9000015258789,18021
2026-02-24 18:50:00,73.9000015258789,74.4800033569336,73.9000015258789,74.44999694824219,19446
2026-02-24 18:55:00,74.41999816894531,74.55999755859375,74.27999877929688,74.41000366210938,19754
2026-02-24 19:00:00,74.5199966430664,74.69999694824219,74.41999816894531,74.66500091552734,13624
2026-02-24 19:05:00,74.66500091552734,74.66500091552734,74.28009796142578,74.34500122070312,25664
2026-02-24 19:10:00,74.34500122070312,74.5199966430664,74.23999786376953,74.26000213623047,22266
2026-02-24 19:15:00,74.2301025390625,74.25150299072266,74.11499786376953,74.125,21413
2026-02-24 19:20:00,74.125,74.125,73.93000030517578,73.93000030517578,21215
2026-02-24 19:25:00,73.93000030517578,74.0999984741211,73.81999969482422,73.95500183105469,41983
2026-02-24 19:30:00,73.95500183105469,74.11499786376953,73.95500183105469,74.0199966430664,20426
2026-02-24 19:35:00,74.01000213623047,74.0999984741211,73.83999633789062,73.91500091552734,25207
2026-02-24 19:40:00,73.91000366210938,73.94999694824219,73.83999633789062,73.87999725341797,17433
2026-02-24 19:45:00,73.94999694824219,74.19999694824219,73.92749786376953,74.19999694824219,20743
2026-02-24 19:50:00,74.16999816894531,74.22000122070312,74.01010131835938,74.02999877929688,29903
2026-02-24 19:55:00,74.05999755859375,74.0999984741211,73.93000030517578,73.95999908447266,35036
2026-02-24 20:00:00,74.00499725341797,74.16500091552734,73.94000244140625,74.10130310058594,24780
2026-02-24 20:05:00,74.08999633789062,74.11000061035156,73.80999755859375,73.83999633789062,44559
2026-02-24 20:10:00,73.86499786376953,73.86499786376953,73.56999969482422,73.63500213623047,46045
2026-02-24 20:15:00,73.6500015258789,73.6500015258789,73.44000244140625,73.5,31088
2026-02-24 20:20:00,73.52999877929688,73.58999633789062,73.4000015258789,73.42500305175781,51748
2026-02-24 20:25:00,73.42500305175781,73.7300033569336,73.41000366210938,73.66000366210938,35382
2026-02-24 20:30:00,73.66000366210938,73.97000122070312,73.44999694824219,73.92500305175781,73367
2026-02-24 20:35:00,73.93000030517578,74.04000091552734,73.81999969482422,73.9800033569336,50271
2026-02-24 20:40:00,73.9800033569336,74.16999816894531,73.94999694824219,74.16000366210938,68596
2026-02-24 20:45:00,74.13999938964844,74.38999938964844,74.0,74.16999816894531,107742
2026-02-24 20:50:00,74.16500091552734,74.37000274658203,74.1500015258789,74.19000244140625,112379
2026-02-24 20:55:00,74.18499755859375,74.2300033569336,73.87000274658203,73.87000274658203,337568
2026-02-25 14:30:00,74.20999908447266,74.4000015258789,73.22000122070312,73.62999725341797,70243
2026-02-25 14:35:00,73.62999725341797,73.80500030517578,73.30999755859375,73.37000274658203,45024
2026-02-25 14:40:00,73.33000183105469,73.91999816894531,72.6500015258789,73.01000213623047,78292
2026-02-25 14:45:00,73.21990203857422,73.21990203857422,72.4000015258789,72.58499908447266,32933
2026-02-25 14:50:00,72.58509826660156,73.05500030517578,72.4000015258789,72.94999694824219,69111
2026-02-25 14:55:00,72.94999694824219,72.9800033569336,72.41000366210938,72.5999984741211,42517
2026-02-25 15:00:00,72.66000366210938,73.00990295410156,72.38719940185547,72.45500183105469,46096
2026-02-25 15:05:00,72.37999725341797,72.87999725341797,72.3499984741211,72.79499816894531,21141
2026-02-25 15:10:00,72.80000305175781,72.80000305175781,72.4000015258789,72.69499969482422,47227
2026-02-25 15:15:00,72.81999969482422,72.93000030517578,72.1500015258789,72.33000183105469,75131
2026-02-25 15:20:00,72.27999877929688,72.33999633789062,72.08999633789062,72.18000030517578,36428
2026-02-25 15:25:00,72.06999969482422,72.20999908447266,71.69999694824219,72.12999725341797,48464
2026-02-25 15:30:00,72.05000305175781,72.43000030517578,72.0,72.33499908447266,48017
2026-02-25 15:35:00,72.25,72.29000091552734,71.9000015258789,72.2300033569336,34075
2026-02-25 15:40:00,72.30000305175781,72.58000183105469,72.2300033569336,72.41000366210938,26649
2026-02-25 15:45:00,72.41999816894531,72.54000091552734,72.28079986572266,72.40499877929688,31856
2026-02-25 15:50:00,72.4000015258789,72.5199966430664,72.33989715576172,72.3499984741211,28749
2026-02-25 15:55:00,72.42500305175781,72.48999786376953,72.2249984741211,72.2699966430664,32118
2026-02-25 16:00:00,72.2750015258789,72.30000305175781,72.01000213623047,72.04000091552734,35015
2026-02-25 16:05:00,72.04000091552734,72.05000305175781,71.7416000366211,71.83000183105469,40209
2026-02-25 16:10:00,71.80999755859375,72.0199966430664,71.73999786376953,71.8499984741211,26913
2026-02-25 16:15:00,71.839599609375,71.87999725341797,71.69000244140625,71.7699966430664,82115
2026-02-25 16:20:00,71.77120208740234,71.7750015258789,71.52999877929688,71.58000183105469,37076
2026-02-25 16:25:00,71.58000183105469,71.76000213623047,71.56999969482422,71.625,35817
2026-02-25 16:30:00,71.66000366210938,72.0199966430664,71.58000183105469,71.91000366210938,65360
2026-02-25 16:35:00,71.91000366210938,71.9800033569336,71.73999786376953,71.9749984741211,22947
2026-02-25 16:40:00,71.98500061035156,72.0250015258789,71.91999816894531,71.9800033569336,18196
2026-02-25 16:45:00,71.97000122070312,72.125,71.94999694824219,72.125,31226
2026-02-25 16:50:00,72.125,72.375,72.12249755859375,72.30000305175781,34567
2026-02-25 16:55:00,72.2699966430664,72.38999938964844,72.18499755859375,72.36499786376953,39219
2026-02-25 17:00:00,72.36499786376953,72.87999725341797,72.29139709472656,72.7699966430664,66858
2026-02-25 17:05:00,72.7699966430664,73.16000366210938,72.74500274658203,73.06500244140625,89092
2026-02-25 17:10:00,73.06500244140625,73.07499694824219,72.83999633789062,72.95999908447266,26732
2026-02-25 17:15:00,72.95500183105469,73.18499755859375,72.88999938964844,73.05000305175781,32104
2026-02-25 17:20:00,72.9800033569336,73.04000091552734,72.86000061035156,72.98500061035156,18167
2026-02-25 17:25:00,73.05000305175781,73.1500015258789,72.93000030517578,73.0999984741211,18472
2026-02-25 17:30:00,73.0999984741211,73.80000305175781,73.0999984741211,73.65499877929688,28008
2026-02-25 17:35:00,73.65499877929688,73.90499877929688,73.65499877929688,73.87000274658203,15444
2026-02-25 17:40:00,73.8550033569336,74.20999908447266,73.8550033569336,74.04000091552734,33035
2026-02-25 17:45:00,74.02999877929688,74.12999725341797,73.90010070800781,74.0199966430664,14549
2026-02-25 17:50:00,74.0199966430664,74.13999938964844,73.98500061035156,74.04000091552734,12622
2026-02-25 17:55:00,74.01000213623047,74.18000030517578,74.01000213623047,74.12999725341797,19200
2026-02-25 18:00:00,74.16999816894531,74.31999969482422,73.98999786376953,74.12999725341797,76607
2026-02-25 18:05:00,74.0999984741211,74.375,74.0999984741211,74.375,40222
2026-02-25 18:10:00,74.375,74.47000122070312,74.22000122070312,74.26000213623047,26963
2026-02-25 18:15:00,74.26000213623047,74.33999633789062,74.2300033569336,74.30000305175781,32465
2026-02-25 18:20:00,74.25,74.30999755859375,74.1500015258789,74.2300033569336,25122
2026-02-25 18:25:00,74.23500061035156,74.23500061035156,74.12999725341797,74.19000244140625,6729
2026-02-25 18:30:00,74.19000244140625,74.25,74.12000274658203,74.20500183105469,11552
2026-02-25 18:35:00,74.20500183105469,74.21009826660156,74.13999938964844,74.20500183105469,6517
2026-02-25 18:40:00,74.19499969482422,74.3499984741211,74.18000030517578,74.25,55668
2026-02-25 18:45:00,74.26820373535156,74.28500366210938,74.12000274658203,74.19999694824219,16225
2026-02-25 18:50:00,74.20999908447266,74.44000244140625,74.20999908447266,74.29000091552734,40237
2026-02-25 18:55:00,74.2699966430664,74.2699966430664,74.04000091552734,74.2300033569336,20886
2026-02-25 19:00:00,74.11000061035156,74.2249984741211,74.05000305175781,74.05000305175781,14437
2026-02-25 19:05:00,74.06500244140625,74.1449966430664,74.02999877929688,74.13999938964844,10123
2026-02-25 19:10:00,74.12000274658203,74.2300033569336,73.98500061035156,74.18000030517578,32278
2026-02-25 19:15:00,74.1500015258789,74.4000015258789,74.08000183105469,74.38500213623047,39622
2026-02-25 19:20:00,74.47000122070312,74.47000122070312,74.30000305175781,74.38500213623047,26551
2026-02-25 19:25:00,74.33000183105469,74.41000366210938,74.29000091552734,74.33000183105469,13110
2026-02-25 19:30:00,74.37000274658203,74.51000213623047,74.30999755859375,74.44000244140625,40128
2026-02-25 19:35:00,74.41000366210938,74.75499725341797,74.41000366210938,74.58000183105469,60364
2026-02-25 19:40:00,74.6500015258789,74.69999694824219,74.37999725341797,74.41000366210938,41237
2026-02-25 19:45:00,74.43000030517578,74.69000244140625,74.4000015258789,74.64250183105469,16013
2026-02-25 19:50:00,74.6500015258789,74.87000274658203,74.6449966430664,74.87000274658203,22240
2026-02-25 19:55:00,74.84500122070312,74.92500305175781,74.63999938964844,74.76000213623047,24823
2026-02-25 20:00:00,74.73500061035156,74.87999725341797,74.5,74.54499816894531,49292
2026-02-25 20:05:00,74.54499816894531,74.58000183105469,74.33000183105469,74.43499755859375,19186
2026-02-25 20:10:00,74.44000244140625,74.4800033569336,74.37999725341797,74.44999694824219,32212
2026-02-25 20:15:00,74.44999694824219,74.51000213623047,74.27999877929688,74.4000015258789,24214
2026-02-25 20:20:00,74.4749984741211,74.4800033569336,74.33999633789062,74.43499755859375,24990
2026-02-25 20:25:00,74.43499755859375,74.44499969482422,74.31999969482422,74.41500091552734,40269
2026-02-25 20:30:00,74.41500091552734,74.5,74.27999877929688,74.49500274658203,39061
2026-02-25 20:35:00,74.49500274658203,74.62999725341797,74.45999908447266,74.58999633789062,65790
2026-02-25 20:40:00,74.55000305175781,74.88999938964844,74.55000305175781,74.86000061035156,47420
2026-02-25 20:45:00,74.8550033569336,75.4000015258789,74.83000183105469,75.4000015258789,114218
2026-02-25 20:50:00,75.3499984741211,75.54000091552734,75.33000183105469,75.52999877929688,153902
2026-02-25 20:55:00,75.5250015258789,75.88999938964844,75.26000213623047,75.75,439425
2026-02-26 14:30:00,75.61000061035156,78.01000213623047,75.61000061035156,77.52999877929688,140103
2026-02-26 14:35:00,77.52999877929688,78.55999755859375,77.5250015258789,78.2301025390625,44954
2026-02-26 14:40:00,78.22000122070312,78.4800033569336,77.77999877929688,77.77999877929688,54330
2026-02-26 14:45:00,77.69999694824219,77.79000091552734,76.83499908447266,76.98500061035156,22396
2026-02-26 14:50:00,76.98500061035156,78.27999877929688,76.73999786376953,78.0999984741211,56391
2026-02-26 14:55:00,78.38999938964844,79.0,78.2300033569336,78.7300033569336,40735
2026-02-26 15:00:00,78.75,78.75,78.08000183105469,78.3499984741211,30412
2026-02-26 15:05:00,78.33999633789062,79.0,78.24500274658203,78.75,48053
2026-02-26 15:10:00,78.75499725341797,79.06999969482422,78.70999908447266,78.74430084228516,80857
2026-02-26 15:15:00,78.76000213623047,78.91000366210938,78.38999938964844,78.43499755859375,63423
2026-02-26 15:20:00,78.4800033569336,78.88999938964844,78.30500030517578,78.69999694824219,34131
2026-02-26 15:25:00,78.69999694824219,79.05000305175781,78.3499984741211,78.48999786376953,52909
2026-02-26 15:30:00,78.48500061035156,79.19999694824219,78.48500061035156,78.95500183105469,55097
2026-02-26 15:35:00,79.01000213623047,79.90499877929688,79.0,79.78500366210938,59052
2026-02-26 15:40:00,79.79000091552734,79.93000030517578,79.62999725341797,79.79000091552734,51217
2026-02-26 15:45:00,79.87000274658203,79.93000030517578,79.55000305175781,79.87999725341797,108494
2026-02-26 15:50:00,79.80999755859375,80.52999877929688,79.69999694824219,80.06999969482422,140833
2026-02-26 15:55:00,80.07499694824219,80.87300109863281,80.06999969482422,80.69999694824219,80894
2026-02-26 16:00:00,80.65499877929688,80.9000015258789,80.05000305175781,80.18000030517578,96692
2026-02-26 16:05:00,80.07009887695312,80.19999694824219,79.91999816894531,80.1449966430664,41310
2026-02-26 16:10:00,80.1449966430664,80.19000244140625,80.04000091552734,80.13500213623047,38618
2026-02-26 16:15:00,80.1500015258789,80.1500015258789,79.66999816894531,79.73999786376953,32157
2026-02-26 16:20:00,79.73500061035156,79.95999908447266,79.55999755859375,79.61000061035156,58379
2026-02-26 16:25:00,79.61499786376953,79.69999694824219,79.55000305175781,79.61499786376953,33992
2026-02-26 16:30:00,79.62000274658203,79.68000030517578,79.44000244140625,79.45500183105469,48533
2026-02-26 16:35:00,79.45500183105469,79.45500183105469,78.90129852294922,78.97000122070312,31076
2026-02-26 16:40:00,78.90499877929688,79.0,78.55000305175781,78.55000305175781,39848
2026-02-26 16:45:00,78.56999969482422,78.87000274658203,78.5199966430664,78.78500366210938,21094
2026-02-26 16:50:00,78.86000061035156,78.91000366210938,78.7699966430664,78.80000305175781,16458
2026-02-26 16:55:00,78.83000183105469,78.94999694824219,78.56999969482422,78.62999725341797,24803
2026-02-26 17:00:00,78.61499786376953,79.27999877929688,78.52999877929688,79.27999877929688,23008
2026-02-26 17:05:00,79.27999877929688,79.41999816894531,79.18000030517578,79.41999816894531,39433
2026-02-26 17:10:00,79.38999938964844,79.43000030517578,79.09500122070312,79.13999938964844,72175
2026-02-26 17:15:00,79.08000183105469,79.11499786376953,78.45500183105469,78.45500183105469,79172
2026-02-26 17:20:00,78.5,78.61620330810547,78.30999755859375,78.30999755859375,23847
2026-02-26 17:25:00,78.30999755859375,78.30999755859375,77.94999694824219,78.06999969482422,44230
2026-02-26 17:30:00,78.06500244140625,78.13999938964844,77.94000244140625,78.0199966430664,47942
2026-02-26 17:35:00,78.02999877929688,78.1500015258789,77.97000122070312,78.05999755859375,39050
2026-02-26 17:40:00,78.06999969482422,78.27999877929688,77.8499984741211,78.22000122070312,52603
2026-02-26 17:45:00,78.19000244140625,78.29000091552734,78.12000274658203,78.16000366210938,55763
2026-02-26 17:50:00,78.16000366210938,78.52999877929688,78.12999725341797,78.4000015258789,43915
2026-02-26 17:55:00,78.37000274658203,78.37999725341797,78.23999786376953,78.37000274658203,28914
2026-02-26 18:00:00,78.37000274658203,78.58000183105469,78.36499786376953,78.49150085449219,27188
2026-02-26 18:05:00,78.53500366210938,78.68000030517578,78.29000091552734,78.3499984741211,42840
2026-02-26 18:10:00,78.37000274658203,78.44000244140625,78.19000244140625,78.26000213623047,21953
2026-02-26 18:15:00,78.20999908447266,78.41000366210938,78.20999908447266,78.3499984741211,16040
2026-02-26 18:20:00,78.30999755859375,78.36000061035156,78.05000305175781,78.08000183105469,38820
2026-02-26 18:25:00,78.02999877929688,78.20999908447266,78.0,78.12999725341797,18324
2026-02-26 18:30:00,78.12999725341797,78.40499877929688,78.05999755859375,78.36000061035156,16983
2026-02-26 18:35:00,78.30999755859375,78.41999816894531,78.1500015258789,78.24749755859375,24394
2026-02-26 18:40:00,78.23500061035156,78.50499725341797,78.23500061035156,78.25,16159
2026-02-26 18:45:00,78.30000305175781,78.4000015258789,78.15499877929688,78.2300033569336,25023
2026-02-26 18:50:00,78.2699966430664,78.58999633789062,78.26000213623047,78.5250015258789,10061
2026-02-26 18:55:00,78.5199966430664,78.55999755859375,78.41000366210938,78.47000122070312,11633
2026-02-26 19:00:00,78.43000030517578,78.69999694824219,78.41999816894531,78.52999877929688,25244
2026-02-26 19:05:00,78.53500366210938,78.72000122070312,78.53500366210938,78.6500015258789,12452
2026-02-26 19:10:00,78.70999908447266,78.87000274658203,78.5999984741211,78.625,41502
2026-02-26 19:15:00,78.58999633789062,78.70989990234375,78.51000213623047,78.63500213623047,22369
2026-02-26 19:20:00,78.63500213623047,78.63500213623047,78.52999877929688,78.58000183105469,17410
2026-02-26 19:25:00,78.63999938964844,78.63999938964844,78.37000274658203,78.38999938964844,16188
2026-02-26 19:30:00,78.41999816894531,78.7249984741211,78.40499877929688,78.7249984741211,30978
2026-02-26 19:35:00,78.76000213623047,78.79000091552734,78.62000274658203,78.66000366210938,722477
2026-02-26 19:40:00,78.63999938964844,78.76000213623047,78.62999725341797,78.74500274658203,30196
2026-02-26 19:45:00,78.74500274658203,78.98999786376953,78.74500274658203,78.91000366210938,22736
2026-02-26 19:50:00,78.91999816894531,79.29000091552734,78.86000061035156,79.25,51121
2026-02-26 19:55:00,79.29000091552734,79.62000274658203,79.29000091552734,79.55999755859375,55751
2026-02-26 20:00:00,79.5,79.52999877929688,79.26499938964844,79.44499969482422,54350
2026-02-26 20:05:00,79.42500305175781,79.43000030517578,79.01000213623047,79.01000213623047,36058
2026-02-26 20:10:00,78.98999786376953,79.22000122070312,78.9800033569336,79.13500213623047,43877
2026-02-26 20:15:00,79.13500213623047,79.16000366210938,78.83000183105469,79.05999755859375,26089
2026-02-26 20:20:00,79.0250015258789,79.25,78.95999908447266,79.19000244140625,41378
2026-02-26 20:25:00,79.16500091552734,79.16500091552734,78.93000030517578,78.97000122070312,49936
2026-02-26 20:30:00,78.91999816894531,78.97000122070312,78.7750015258789,78.7750015258789,55578
2026-02-26 20:35:00,78.7750015258789,79.18000030517578,78.75499725341797,79.05999755859375,62098
2026-02-26 20:40:00,79.04000091552734,79.11000061035156,78.83999633789062,79.05500030517578,92693
2026-02-26 20:45:00,79.04000091552734,79.16000366210938,78.55000305175781,78.61000061035156,101956
2026-02-26 20:50:00,78.6500015258789,78.86000061035156,78.37999725341797,78.44999694824219,227727
2026-02-26 20:55:00,78.43000030517578,79.08999633789062,78.41000366210938,79.01000213623047,454164
2026-02-27 14:30:00,77.11000061035156,77.91000366210938,76.31999969482422,76.31999969482422,39494
2026-02-27 14:35:00,76.62000274658203,76.62000274658203,75.94000244140625,76.29000091552734,41230
2026-02-27 14:40:00,76.29000091552734,76.35900115966797,75.51000213623047,76.0,19841
2026-02-27 14:45:00,75.91999816894531,76.08999633789062,75.12010192871094,75.84500122070312,26880
2026-02-27 14:50:00,75.72000122070312,75.87000274658203,75.55000305175781,75.73500061035156,14087
2026-02-27 14:55:00,75.7300033569336,75.7300033569336,75.30999755859375,75.30999755859375,28379
2026-02-27 15:00:00,75.30999755859375,75.79000091552734,75.16000366210938,75.44210052490234,33329
2026-02-27 15:05:00,75.44499969482422,75.94999694824219,75.38999938964844,75.7300033569336,26249
2026-02-27 15:10:00,75.86000061035156,76.30000305175781,75.66000366210938,75.66500091552734,36003
2026-02-27 15:15:00,75.76000213623047,75.81999969482422,75.36009979248047,75.76499938964844,35750
2026-02-27 15:20:00,75.80999755859375,76.0,75.62999725341797,75.8499984741211,39449
2026-02-27 15:25:00,75.70500183105469,75.8499984741211,75.49500274658203,75.79000091552734,17009
2026-02-27 15:30:00,75.77999877929688,76.04000091552734,75.52999877929688,76.02999877929688,29517
2026-02-27 15:35:00,75.88999938964844,76.04000091552734,75.7300033569336,75.7300033569336,11836
2026-02-27 15:40:00,75.76000213623047,75.93990325927734,75.66000366210938,75.73999786376953,9039
2026-02-27 15:45:00,75.86000061035156,75.91999816894531,75.55999755859375,75.77999877929688,23765
2026-02-27 15:50:00,75.80000305175781,75.80000305175781,75.58000183105469,75.67500305175781,20496
2026-02-27 15:55:00,75.62999725341797,76.1500015258789,75.58999633789062,75.98999786376953,22747
2026-02-27 16:00:00,75.98999786376953,76.05999755859375,75.69999694824219,75.80999755859375,20084
2026-02-27 16:05:00,75.83000183105469,75.87000274658203,75.06500244140625,75.08000183105469,70032
2026-02-27 16:10:00,75.06999969482422,75.25,74.9000015258789,75.2249984741211,20076
2026-02-27 16:15:00,75.23999786376953,75.63999938964844,75.23999786376953,75.5365982055664,15042
2026-02-27 16:20:00,75.4800033569336,75.68000030517578,75.30999755859375,75.66999816894531,34549
2026-02-27 16:25:00,75.66000366210938,75.77999877929688,75.5999984741211,75.7699966430664,28524
2026-02-27 16:30:00,75.77999877929688,76.16000366210938,75.77999877929688,76.16000366210938,38535
2026-02-27 16:35:00,76.16999816894531,76.25,75.98999786376953,76.06999969482422,30630
2026-02-27 16:40:00,76.0,76.20999908447266,75.96499633789062,76.13999938964844,23995
2026-02-27 16:45:00,76.13500213623047,76.2249984741211,75.94000244140625,76.0199966430664,18854
2026-02-27 16:50:00,76.01000213623047,76.19999694824219,75.9000015258789,76.19999694824219,33624
2026-02-27 16:55:00,76.19999694824219,76.24500274658203,75.80000305175781,75.83000183105469,46023
2026-02-27 17:00:00,75.87000274658203,76.0250015258789,75.8499984741211,76.0199966430664,10653
2026-02-27 17:05:00,75.9800033569336,75.98999786376953,75.7699966430664,75.94999694824219,40084
2026-02-27 17:10:00,75.91000366210938,75.91000366210938,75.36000061035156,75.375,43162
2026-02-27 17:15:00,75.375,75.41000366210938,74.9000015258789,75.12000274658203,30662
2026-02-27 17:20:00,75.08999633789062,75.13999938964844,74.79000091552734,75.04000091552734,26758
2026-02-27 17:25:00,75.03500366210938,75.22000122070312,74.80000305175781,74.9000015258789,21225
2026-02-27 17:30:00,74.93499755859375,75.5,74.91500091552734,75.5,24202
2026-02-27 17:35:00,75.38999938964844,75.55000305175781,75.30999755859375,75.30999755859375,36027
2026-02-27 17:40:00,75.2699966430664,75.45999908447266,75.0999984741211,75.31999969482422,54284
2026-02-27 17:45:00,75.30000305175781,75.37999725341797,75.19999694824219,75.30500030517578,13084
2026-02-27 17:50:00,75.37000274658203,75.43000030517578,75.2300033569336,75.3499984741211,11871
2026-02-27 17:55:00,75.2699966430664,75.5,75.23999786376953,75.33499908447266,15238
2026-02-27 18:00:00,75.41000366210938,75.68000030517578,75.32499694824219,75.59500122070312,52638
2026-02-27 18:05:00,75.48999786376953,75.69499969482422,75.45999908447266,75.52999877929688,41840
2026-02-27 18:10:00,75.58499908447266,75.80000305175781,75.3499984741211,75.43000030517578,30488
2026-02-27 18:15:00,75.43000030517578,75.62000274658203,75.30000305175781,75.5250015258789,109051
2026-02-27 18:20:00,75.52010345458984,75.80500030517578,75.48999786376953,75.80500030517578,19630
2026-02-27 18:25:00,75.77999877929688,75.90760040283203,75.58999633789062,75.87999725341797,67934
2026-02-27 18:30:00,75.83999633789062,76.0,75.7699966430664,75.7699966430664,10962
2026-02-27 18:35:00,75.79000091552734,75.88999938964844,75.76000213623047,75.8499984741211,7847
2026-02-27 18:40:00,75.80000305175781,76.2249984741211,75.80000305175781,76.01000213623047,30152
2026-02-27 18:45:00,76.04000091552734,76.04000091552734,75.22000122070312,75.26850128173828,101488
2026-02-27 18:50:00,75.27999877929688,75.5,75.26000213623047,75.44000244140625,40955
2026-02-27 18:55:00,75.44000244140625,75.5999984741211,75.36009979248047,75.51000213623047,19838
2026-02-27 19:00:00,75.43000030517578,75.6500015258789,75.38179779052734,75.56060028076172,15243
2026-02-27 19:05:00,75.55999755859375,75.63999938964844,75.41999816894531,75.51000213623047,13821
2026-02-27 19:10:00,75.45500183105469,75.62000274658203,75.45500183105469,75.55239868164062,18299
2026-02-27 19:15:00,75.54000091552734,75.55500030517578,75.32009887695312,75.37000274658203,18648
2026-02-27 19:20:00,75.37000274658203,75.5,75.3499984741211,75.45500183105469,12087
2026-02-27 19:25:00,75.48999786376953,75.62999725341797,75.4000015258789,75.47000122070312,20171
2026-02-27 19:30:00,75.41000366210938,75.66000366210938,75.38999938964844,75.66000366210938,19003
2026-02-27 19:35:00,75.57499694824219,75.5999984741211,75.41000366210938,75.53500366210938,43882
2026-02-27 19:40:00,75.4800033569336,75.4800033569336,75.16999816894531,75.2249984741211,34334
2026-02-27 19:45:00,75.2249984741211,75.2699966430664,75.04000091552734,75.04000091552734,15069
2026-02-27 19:50:00,75.08499908447266,75.30999755859375,75.0,75.23500061035156,29171
2026-02-27 19:55:00,75.17009735107422,75.41000366210938,75.17009735107422,75.19000244140625,22526
2026-02-27 20:00:00,75.26000213623047,75.31999969482422,75.20999908447266,75.22000122070312,16215
2026-02-27 20:05:00,75.22000122070312,75.38999938964844,75.18000030517578,75.31999969482422,21611
2026-02-27 20:10:00,75.30000305175781,75.79000091552734,75.30000305175781,75.74500274658203,26039
2026-02-27 20:15:00,75.80000305175781,75.83000183105469,75.69000244140625,75.81999969482422,19011
2026-02-27 20:20:00,75.77999877929688,75.94000244140625,75.68000030517578,75.91500091552734,23341
2026-02-27 20:25:00,75.88999938964844,75.88999938964844,75.63999938964844,75.66999816894531,20459
2026-02-27 20:30:00,75.6500015258789,75.94000244140625,75.6500015258789,75.81999969482422,32022
2026-02-27 20:35:00,75.83989715576172,75.91000366210938,75.62000274658203,75.68499755859375,48711
2026-02-27 20:40:00,75.62999725341797,75.91999816894531,75.61000061035156,75.83000183105469,39298
2026-02-27 20:45:00,75.87000274658203,75.9800033569336,75.82109832763672,75.87999725341797,65871
2026-02-27 20:50:00,75.87999725341797,76.20999908447266,75.81999969482422,76.17500305175781,111988
2026-02-27 20:55:00,76.18000030517578,76.38999938964844,75.94000244140625,76.30000305175781,327639
